?x	?p	?y
<http://purl.obolibrary.org/obo/UO_0010002>	<http://purl.obolibrary.org/obo/has_prefix>	<http://purl.obolibrary.org/obo/UO_0000297>
<http://purl.obolibrary.org/obo/UO_0000329>	<http://purl.obolibrary.org/obo/has_prefix>	<http://purl.obolibrary.org/obo/UO_0000293>
<http://purl.obolibrary.org/obo/UO_0000042>	<http://purl.obolibrary.org/obo/has_prefix>	<http://purl.obolibrary.org/obo/UO_0000302>
<http://purl.obolibrary.org/obo/UO_0000301>	<http://purl.obolibrary.org/obo/has_prefix>	<http://purl.obolibrary.org/obo/UO_0000299>
<http://purl.obolibrary.org/obo/UO_0000071>	<http://purl.obolibrary.org/obo/has_prefix>	<http://purl.obolibrary.org/obo/UO_0000300>
<http://purl.obolibrary.org/obo/UO_0000330>	<http://purl.obolibrary.org/obo/has_prefix>	<http://purl.obolibrary.org/obo/UO_0000292>
<http://purl.obolibrary.org/obo/UO_0000040>	<http://purl.obolibrary.org/obo/has_prefix>	<http://purl.obolibrary.org/obo/UO_0000297>
<http://purl.obolibrary.org/obo/UO_0000073>	<http://purl.obolibrary.org/obo/has_prefix>	<http://purl.obolibrary.org/obo/UO_0000303>
<http://purl.obolibrary.org/obo/UO_0000023>	<http://purl.obolibrary.org/obo/has_prefix>	<http://purl.obolibrary.org/obo/UO_0000299>
<http://purl.obolibrary.org/obo/UO_0000143>	<http://purl.obolibrary.org/obo/has_prefix>	<http://purl.obolibrary.org/obo/UO_0000300>
<http://purl.obolibrary.org/obo/UO_0000234>	<http://purl.obolibrary.org/obo/has_prefix>	<http://purl.obolibrary.org/obo/UO_0000294>
<http://purl.obolibrary.org/obo/UO_0000199>	<http://purl.obolibrary.org/obo/has_prefix>	<http://purl.obolibrary.org/obo/UO_0000299>
<http://purl.obolibrary.org/obo/UO_0000017>	<http://purl.obolibrary.org/obo/has_prefix>	<http://purl.obolibrary.org/obo/UO_0000299>
<http://purl.obolibrary.org/obo/UO_0000022>	<http://purl.obolibrary.org/obo/has_prefix>	<http://purl.obolibrary.org/obo/UO_0000297>
<http://purl.obolibrary.org/obo/UO_0000029>	<http://purl.obolibrary.org/obo/has_prefix>	<http://purl.obolibrary.org/obo/UO_0000299>
<http://purl.obolibrary.org/obo/UO_0000016>	<http://purl.obolibrary.org/obo/has_prefix>	<http://purl.obolibrary.org/obo/UO_0000297>
<http://purl.obolibrary.org/obo/UO_0000138>	<http://purl.obolibrary.org/obo/has_prefix>	<http://purl.obolibrary.org/obo/UO_0000297>
<http://purl.obolibrary.org/obo/UO_0000222>	<http://purl.obolibrary.org/obo/has_prefix>	<http://purl.obolibrary.org/obo/UO_0000294>
<http://purl.obolibrary.org/obo/UO_0000066>	<http://purl.obolibrary.org/obo/has_prefix>	<http://purl.obolibrary.org/obo/UO_0000302>
<http://purl.obolibrary.org/obo/UO_0000039>	<http://purl.obolibrary.org/obo/has_prefix>	<http://purl.obolibrary.org/obo/UO_0000299>
<http://purl.obolibrary.org/obo/UO_0000139>	<http://purl.obolibrary.org/obo/has_prefix>	<http://purl.obolibrary.org/obo/UO_0000299>
<http://purl.obolibrary.org/obo/UO_0000209>	<http://purl.obolibrary.org/obo/has_prefix>	<http://purl.obolibrary.org/obo/UO_0000296>
<http://purl.obolibrary.org/obo/UO_0010067>	<http://purl.obolibrary.org/obo/has_prefix>	<http://purl.obolibrary.org/obo/UO_0000297>
<http://purl.obolibrary.org/obo/UO_0000072>	<http://purl.obolibrary.org/obo/has_prefix>	<http://purl.obolibrary.org/obo/UO_0000302>
<http://purl.obolibrary.org/obo/UO_0000044>	<http://purl.obolibrary.org/obo/has_prefix>	<http://purl.obolibrary.org/obo/UO_0000304>
<http://purl.obolibrary.org/obo/UO_0000098>	<http://purl.obolibrary.org/obo/has_prefix>	<http://purl.obolibrary.org/obo/UO_0000297>
<http://purl.obolibrary.org/obo/UO_0000160>	<http://purl.obolibrary.org/obo/has_prefix>	<http://purl.obolibrary.org/obo/UO_0000299>
<http://purl.obolibrary.org/obo/UO_0000141>	<http://purl.obolibrary.org/obo/has_prefix>	<http://purl.obolibrary.org/obo/UO_0000299>
<http://purl.obolibrary.org/obo/UO_0000224>	<http://purl.obolibrary.org/obo/has_prefix>	<http://purl.obolibrary.org/obo/UO_0000294>
<http://purl.obolibrary.org/obo/UO_0000015>	<http://purl.obolibrary.org/obo/has_prefix>	<http://purl.obolibrary.org/obo/UO_0000298>
<http://purl.obolibrary.org/obo/UO_0000028>	<http://purl.obolibrary.org/obo/has_prefix>	<http://purl.obolibrary.org/obo/UO_0000297>
<http://purl.obolibrary.org/obo/UO_0000070>	<http://purl.obolibrary.org/obo/has_prefix>	<http://purl.obolibrary.org/obo/UO_0000299>
<http://purl.obolibrary.org/obo/UO_0010056>	<http://purl.obolibrary.org/obo/has_prefix>	<http://purl.obolibrary.org/obo/UO_0000292>
<http://purl.obolibrary.org/obo/UO_0000309>	<http://purl.obolibrary.org/obo/has_prefix>	<http://purl.obolibrary.org/obo/UO_0000297>
<http://purl.obolibrary.org/obo/UO_0000104>	<http://purl.obolibrary.org/obo/has_prefix>	<http://purl.obolibrary.org/obo/UO_0000303>
<http://purl.obolibrary.org/obo/UO_0010068>	<http://purl.obolibrary.org/obo/has_prefix>	<http://purl.obolibrary.org/obo/UO_0000299>
<http://purl.obolibrary.org/obo/UO_0000069>	<http://purl.obolibrary.org/obo/has_prefix>	<http://purl.obolibrary.org/obo/UO_0000297>
<http://purl.obolibrary.org/obo/UO_0000250>	<http://purl.obolibrary.org/obo/has_prefix>	<http://purl.obolibrary.org/obo/UO_0000300>
<http://purl.obolibrary.org/obo/UO_0000009>	<http://purl.obolibrary.org/obo/has_prefix>	<http://purl.obolibrary.org/obo/UO_0000294>
<http://purl.obolibrary.org/obo/UO_0000038>	<http://purl.obolibrary.org/obo/has_prefix>	<http://purl.obolibrary.org/obo/UO_0000299>
<http://purl.obolibrary.org/obo/UO_0010055>	<http://purl.obolibrary.org/obo/has_prefix>	<http://purl.obolibrary.org/obo/UO_0000298>
<http://purl.obolibrary.org/obo/UO_0000249>	<http://purl.obolibrary.org/obo/has_prefix>	<http://purl.obolibrary.org/obo/UO_0000299>
<http://purl.obolibrary.org/obo/UO_0000024>	<http://purl.obolibrary.org/obo/has_prefix>	<http://purl.obolibrary.org/obo/UO_0000300>
<http://purl.obolibrary.org/obo/UO_0000064>	<http://purl.obolibrary.org/obo/has_prefix>	<http://purl.obolibrary.org/obo/UO_0000299>
<http://purl.obolibrary.org/obo/UO_0000101>	<http://purl.obolibrary.org/obo/has_prefix>	<http://purl.obolibrary.org/obo/UO_0000299>
<http://purl.obolibrary.org/obo/UO_0000026>	<http://purl.obolibrary.org/obo/has_prefix>	<http://purl.obolibrary.org/obo/UO_0000303>
<http://purl.obolibrary.org/obo/UO_0000252>	<http://purl.obolibrary.org/obo/has_prefix>	<http://purl.obolibrary.org/obo/UO_0000293>
<http://purl.obolibrary.org/obo/UO_0000043>	<http://purl.obolibrary.org/obo/has_prefix>	<http://purl.obolibrary.org/obo/UO_0000303>
<http://purl.obolibrary.org/obo/UO_0000087>	<http://purl.obolibrary.org/obo/has_prefix>	<http://purl.obolibrary.org/obo/UO_0000294>
<http://purl.obolibrary.org/obo/UO_0000146>	<http://purl.obolibrary.org/obo/has_prefix>	<http://purl.obolibrary.org/obo/UO_0000299>
<http://purl.obolibrary.org/obo/UO_0000144>	<http://purl.obolibrary.org/obo/has_prefix>	<http://purl.obolibrary.org/obo/UO_0000300>
<http://purl.obolibrary.org/obo/UO_0000142>	<http://purl.obolibrary.org/obo/has_prefix>	<http://purl.obolibrary.org/obo/UO_0000297>
<http://purl.obolibrary.org/obo/UO_0000065>	<http://purl.obolibrary.org/obo/has_prefix>	<http://purl.obolibrary.org/obo/UO_0000300>
<http://purl.obolibrary.org/obo/UO_0000086>	<http://purl.obolibrary.org/obo/has_prefix>	<http://purl.obolibrary.org/obo/UO_0000294>
<http://purl.obolibrary.org/obo/UO_0010054>	<http://purl.obolibrary.org/obo/has_prefix>	<http://purl.obolibrary.org/obo/UO_0000302>
<http://purl.obolibrary.org/obo/UO_0000198>	<http://purl.obolibrary.org/obo/has_prefix>	<http://purl.obolibrary.org/obo/UO_0000297>
<http://purl.obolibrary.org/obo/UO_0000235>	<http://purl.obolibrary.org/obo/has_prefix>	<http://purl.obolibrary.org/obo/UO_0000293>
<http://purl.obolibrary.org/obo/UO_0000251>	<http://purl.obolibrary.org/obo/has_prefix>	<http://purl.obolibrary.org/obo/UO_0000302>
<http://purl.obolibrary.org/obo/UO_0000176>	<http://purl.obolibrary.org/obo/has_prefix>	<http://purl.obolibrary.org/obo/UO_0000297>
<http://purl.obolibrary.org/obo/UO_0000102>	<http://purl.obolibrary.org/obo/has_prefix>	<http://purl.obolibrary.org/obo/UO_0000300>
<http://purl.obolibrary.org/obo/UO_0000145>	<http://purl.obolibrary.org/obo/has_prefix>	<http://purl.obolibrary.org/obo/UO_0000297>
<http://purl.obolibrary.org/obo/UO_0000103>	<http://purl.obolibrary.org/obo/has_prefix>	<http://purl.obolibrary.org/obo/UO_0000302>
<http://purl.obolibrary.org/obo/UO_0000230>	<http://purl.obolibrary.org/obo/has_prefix>	<http://purl.obolibrary.org/obo/UO_0000294>
<http://purl.obolibrary.org/obo/UO_0000037>	<http://purl.obolibrary.org/obo/has_prefix>	<http://purl.obolibrary.org/obo/UO_0000297>
<http://purl.obolibrary.org/obo/UO_0000063>	<http://purl.obolibrary.org/obo/has_prefix>	<http://purl.obolibrary.org/obo/UO_0000297>
<http://purl.obolibrary.org/obo/UO_0000018>	<http://purl.obolibrary.org/obo/has_prefix>	<http://purl.obolibrary.org/obo/UO_0000300>
<http://purl.obolibrary.org/obo/UO_0000273>	<http://purl.obolibrary.org/obo/has_prefix>	<http://purl.obolibrary.org/obo/UO_0000297>
<http://purl.obolibrary.org/obo/UO_0000248>	<http://purl.obolibrary.org/obo/has_prefix>	<http://purl.obolibrary.org/obo/UO_0000294>
<http://purl.obolibrary.org/obo/UO_0000025>	<http://purl.obolibrary.org/obo/has_prefix>	<http://purl.obolibrary.org/obo/UO_0000302>
<http://purl.obolibrary.org/obo/UO_0000275>	<http://purl.obolibrary.org/obo/has_prefix>	<http://purl.obolibrary.org/obo/UO_0000300>
<http://purl.obolibrary.org/obo/UO_0000030>	<http://purl.obolibrary.org/obo/has_prefix>	<http://purl.obolibrary.org/obo/UO_0000302>
<http://purl.obolibrary.org/obo/UO_0010066>	<http://purl.obolibrary.org/obo/has_prefix>	<http://purl.obolibrary.org/obo/UO_0000294>
<http://purl.obolibrary.org/obo/UO_0000247>	<http://purl.obolibrary.org/obo/has_prefix>	<http://purl.obolibrary.org/obo/UO_0000297>
<http://purl.obolibrary.org/obo/UO_0000020>	<http://purl.obolibrary.org/obo/has_prefix>	<http://purl.obolibrary.org/obo/UO_0000302>
<http://purl.obolibrary.org/obo/UO_0000274>	<http://purl.obolibrary.org/obo/has_prefix>	<http://purl.obolibrary.org/obo/UO_0000299>
<http://purl.obolibrary.org/obo/UO_0010062>	<http://purl.obolibrary.org/obo/has_prefix>	<http://purl.obolibrary.org/obo/UO_0000297>
<http://purl.obolibrary.org/obo/UO_0000150>	<http://purl.obolibrary.org/obo/has_prefix>	<http://purl.obolibrary.org/obo/UO_0000300>
<http://purl.obolibrary.org/obo/UO_0000174>	<http://purl.obolibrary.org/obo/has_prefix>	<http://purl.obolibrary.org/obo/UO_0000294>
<http://purl.obolibrary.org/obo/UO_0000041>	<http://purl.obolibrary.org/obo/has_prefix>	<http://purl.obolibrary.org/obo/UO_0000300>
<http://purl.obolibrary.org/obo/UO_0010061>	<http://purl.obolibrary.org/obo/has_prefix>	<http://purl.obolibrary.org/obo/UO_0000298>
<http://purl.obolibrary.org/obo/UO_0010048>	<http://purl.obolibrary.org/obo/has_prefix>	<http://purl.obolibrary.org/obo/UO_0000299>
<http://purl.obolibrary.org/obo/IAO_0000030>	<http://purl.obolibrary.org/obo/IAO_0000136>	<http://purl.obolibrary.org/obo/BFO_0000001>
<http://purl.obolibrary.org/obo/UO_0000207>	<http://www.w3.org/2000/01/rdf-schema#subClassOf>	<http://purl.obolibrary.org/obo/UO_0000205>
<http://purl.obolibrary.org/obo/UO_0010023>	<http://www.w3.org/2000/01/rdf-schema#subClassOf>	<http://purl.obolibrary.org/obo/UO_1010023>
<http://purl.obolibrary.org/obo/UO_0000115>	<http://www.w3.org/2000/01/rdf-schema#subClassOf>	<http://purl.obolibrary.org/obo/UO_0000157>
<http://purl.obolibrary.org/obo/UO_1000133>	<http://www.w3.org/2000/01/rdf-schema#subClassOf>	<http://purl.obolibrary.org/obo/UO_0000128>
<http://purl.obolibrary.org/obo/UO_1000181>	<http://www.w3.org/2000/01/rdf-schema#subClassOf>	<http://purl.obolibrary.org/obo/UO_0000119>
<http://purl.obolibrary.org/obo/UO_1000310>	<http://www.w3.org/2000/01/rdf-schema#subClassOf>	<http://purl.obolibrary.org/obo/UO_0000051>
<http://purl.obolibrary.org/obo/UO_1010018>	<http://www.w3.org/2000/01/rdf-schema#subClassOf>	<http://purl.obolibrary.org/obo/UO_0000001>
<http://purl.obolibrary.org/obo/UO_1000085>	<http://www.w3.org/2000/01/rdf-schema#subClassOf>	<http://purl.obolibrary.org/obo/UO_0000053>
<http://purl.obolibrary.org/obo/UO_1000204>	<http://www.w3.org/2000/01/rdf-schema#subClassOf>	<http://purl.obolibrary.org/obo/UO_0000202>
<http://purl.obolibrary.org/obo/UO_0000071>	<http://www.w3.org/2000/01/rdf-schema#subClassOf>	<http://purl.obolibrary.org/obo/UO_1000068>
<http://purl.obolibrary.org/obo/UO_1000079>	<http://www.w3.org/2000/01/rdf-schema#subClassOf>	<http://purl.obolibrary.org/obo/UO_0000049>
<http://purl.obolibrary.org/obo/UO_0000269>	<http://www.w3.org/2000/01/rdf-schema#subClassOf>	<http://purl.obolibrary.org/obo/UO_1000269>
<http://purl.obolibrary.org/obo/UO_0000090>	<http://www.w3.org/2000/01/rdf-schema#subClassOf>	<http://purl.obolibrary.org/obo/UO_1000090>
<http://purl.obolibrary.org/obo/UO_0000003>	<http://www.w3.org/2000/01/rdf-schema#subClassOf>	<http://purl.obolibrary.org/obo/UO_0000000>
<http://purl.obolibrary.org/obo/UO_1000213>	<http://www.w3.org/2000/01/rdf-schema#subClassOf>	<http://purl.obolibrary.org/obo/UO_0000212>
<http://purl.obolibrary.org/obo/UO_0000192>	<http://www.w3.org/2000/01/rdf-schema#subClassOf>	<http://purl.obolibrary.org/obo/UO_1000192>
<http://purl.obolibrary.org/obo/UO_0000043>	<http://www.w3.org/2000/01/rdf-schema#subClassOf>	<http://purl.obolibrary.org/obo/UO_1000013>
<http://purl.obolibrary.org/obo/UO_1000027>	<http://www.w3.org/2000/01/rdf-schema#subClassOf>	<http://purl.obolibrary.org/obo/UO_0000005>
<http://purl.obolibrary.org/obo/UO_0000105>	<http://www.w3.org/2000/01/rdf-schema#subClassOf>	<http://purl.obolibrary.org/obo/UO_0000000>
<http://purl.obolibrary.org/obo/UO_1000135>	<http://www.w3.org/2000/01/rdf-schema#subClassOf>	<http://purl.obolibrary.org/obo/UO_0000129>
<http://purl.obolibrary.org/obo/UO_1010019>	<http://www.w3.org/2000/01/rdf-schema#subClassOf>	<http://purl.obolibrary.org/obo/UO_0000001>
<http://purl.obolibrary.org/obo/UO_1000165>	<http://www.w3.org/2000/01/rdf-schema#subClassOf>	<http://purl.obolibrary.org/obo/UO_0000187>
<http://purl.obolibrary.org/obo/UO_0000215>	<http://www.w3.org/2000/01/rdf-schema#subClassOf>	<http://purl.obolibrary.org/obo/UO_1000215>
<http://purl.obolibrary.org/obo/UO_0000033>	<http://www.w3.org/2000/01/rdf-schema#subClassOf>	<http://purl.obolibrary.org/obo/UO_1000033>
<http://purl.obolibrary.org/obo/UO_1010010>	<http://www.w3.org/2000/01/rdf-schema#subClassOf>	<http://purl.obolibrary.org/obo/UO_0000047>
<http://purl.obolibrary.org/obo/UO_0000155>	<http://www.w3.org/2000/01/rdf-schema#subClassOf>	<http://purl.obolibrary.org/obo/UO_1000155>
<http://purl.obolibrary.org/obo/UO_0000294>	<http://www.w3.org/2000/01/rdf-schema#subClassOf>	<http://purl.obolibrary.org/obo/UO_0000046>
<http://purl.obolibrary.org/obo/UO_0000045>	<http://www.w3.org/2000/01/rdf-schema#subClassOf>	<http://purl.obolibrary.org/obo/UO_0000000>
<http://purl.obolibrary.org/obo/UO_0000274>	<http://www.w3.org/2000/01/rdf-schema#subClassOf>	<http://purl.obolibrary.org/obo/UO_1000173>
<http://purl.obolibrary.org/obo/UO_1000120>	<http://www.w3.org/2000/01/rdf-schema#subClassOf>	<http://purl.obolibrary.org/obo/UO_0000119>
<http://purl.obolibrary.org/obo/UO_1000228>	<http://www.w3.org/2000/01/rdf-schema#subClassOf>	<http://purl.obolibrary.org/obo/UO_0000227>
<http://purl.obolibrary.org/obo/UO_0000128>	<http://www.w3.org/2000/01/rdf-schema#subClassOf>	<http://purl.obolibrary.org/obo/UO_0000127>
<http://purl.obolibrary.org/obo/UO_0000219>	<http://www.w3.org/2000/01/rdf-schema#subClassOf>	<http://purl.obolibrary.org/obo/UO_0000000>
<http://purl.obolibrary.org/obo/UO_1000255>	<http://www.w3.org/2000/01/rdf-schema#subClassOf>	<http://purl.obolibrary.org/obo/UO_0000253>
<http://purl.obolibrary.org/obo/UO_0000259>	<http://www.w3.org/2000/01/rdf-schema#subClassOf>	<http://purl.obolibrary.org/obo/UO_0000190>
<http://purl.obolibrary.org/obo/UO_0010057>	<http://www.w3.org/2000/01/rdf-schema#subClassOf>	<http://purl.obolibrary.org/obo/UO_0000111>
<http://purl.obolibrary.org/obo/UO_1000196>	<http://www.w3.org/2000/01/rdf-schema#subClassOf>	<http://purl.obolibrary.org/obo/UO_0000186>
<http://purl.obolibrary.org/obo/UO_0000309>	<http://www.w3.org/2000/01/rdf-schema#subClassOf>	<http://purl.obolibrary.org/obo/UO_1010049>
<http://purl.obolibrary.org/obo/UO_0000073>	<http://www.w3.org/2000/01/rdf-schema#subClassOf>	<http://purl.obolibrary.org/obo/UO_1000062>
<http://purl.obolibrary.org/obo/UO_0010036>	<http://www.w3.org/2000/01/rdf-schema#subClassOf>	<http://purl.obolibrary.org/obo/UO_1010036>
<http://purl.obolibrary.org/obo/UO_0010016>	<http://www.w3.org/2000/01/rdf-schema#subClassOf>	<http://purl.obolibrary.org/obo/UO_0000045>
<http://purl.obolibrary.org/obo/UO_0000272>	<http://www.w3.org/2000/01/rdf-schema#subClassOf>	<http://purl.obolibrary.org/obo/UO_0000109>
<http://purl.obolibrary.org/obo/UO_1000223>	<http://www.w3.org/2000/01/rdf-schema#subClassOf>	<http://purl.obolibrary.org/obo/UO_0000111>
<http://purl.obolibrary.org/obo/UO_0010068>	<http://www.w3.org/2000/01/rdf-schema#subClassOf>	<http://purl.obolibrary.org/obo/UO_1000208>
<http://purl.obolibrary.org/obo/UO_0000221>	<http://www.w3.org/2000/01/rdf-schema#subClassOf>	<http://purl.obolibrary.org/obo/UO_1000221>
<http://purl.obolibrary.org/obo/UO_0000232>	<http://www.w3.org/2000/01/rdf-schema#subClassOf>	<http://purl.obolibrary.org/obo/UO_1000232>
<http://purl.obolibrary.org/obo/UO_0000174>	<http://www.w3.org/2000/01/rdf-schema#subClassOf>	<http://purl.obolibrary.org/obo/UO_1000175>
<http://purl.obolibrary.org/obo/UO_0000273>	<http://www.w3.org/2000/01/rdf-schema#subClassOf>	<http://purl.obolibrary.org/obo/UO_1000175>
<http://purl.obolibrary.org/obo/UO_0000238>	<http://www.w3.org/2000/01/rdf-schema#subClassOf>	<http://purl.obolibrary.org/obo/UO_1000238>
<http://purl.obolibrary.org/obo/UO_0010050>	<http://www.w3.org/2000/01/rdf-schema#subClassOf>	<http://purl.obolibrary.org/obo/UO_0000052>
<http://purl.obolibrary.org/obo/UO_1000314>	<http://www.w3.org/2000/01/rdf-schema#subClassOf>	<http://purl.obolibrary.org/obo/UO_0000312>
<http://purl.obolibrary.org/obo/UO_1010017>	<http://www.w3.org/2000/01/rdf-schema#subClassOf>	<http://purl.obolibrary.org/obo/UO_0000001>
<http://purl.obolibrary.org/obo/UO_1000258>	<http://www.w3.org/2000/01/rdf-schema#subClassOf>	<http://purl.obolibrary.org/obo/UO_0000256>
<http://purl.obolibrary.org/obo/UO_0000031>	<http://www.w3.org/2000/01/rdf-schema#subClassOf>	<http://purl.obolibrary.org/obo/UO_1000031>
<http://purl.obolibrary.org/obo/UO_0000268>	<http://www.w3.org/2000/01/rdf-schema#subClassOf>	<http://purl.obolibrary.org/obo/UO_1000268>
<http://purl.obolibrary.org/obo/UO_0000308>	<http://www.w3.org/2000/01/rdf-schema#subClassOf>	<http://purl.obolibrary.org/obo/UO_0000307>
<http://purl.obolibrary.org/obo/UO_0000257>	<http://www.w3.org/2000/01/rdf-schema#subClassOf>	<http://purl.obolibrary.org/obo/UO_1000257>
<http://purl.obolibrary.org/obo/UO_0000275>	<http://www.w3.org/2000/01/rdf-schema#subClassOf>	<http://purl.obolibrary.org/obo/UO_1000173>
<http://purl.obolibrary.org/obo/UO_0000224>	<http://www.w3.org/2000/01/rdf-schema#subClassOf>	<http://purl.obolibrary.org/obo/UO_1000223>
<http://purl.obolibrary.org/obo/UO_0000041>	<http://www.w3.org/2000/01/rdf-schema#subClassOf>	<http://purl.obolibrary.org/obo/UO_1000013>
<http://purl.obolibrary.org/obo/UO_1000118>	<http://www.w3.org/2000/01/rdf-schema#subClassOf>	<http://purl.obolibrary.org/obo/UO_0000117>
<http://purl.obolibrary.org/obo/UO_0010001>	<http://www.w3.org/2000/01/rdf-schema#subClassOf>	<http://purl.obolibrary.org/obo/UO_1010001>
<http://purl.obolibrary.org/obo/UO_0000028>	<http://www.w3.org/2000/01/rdf-schema#subClassOf>	<http://purl.obolibrary.org/obo/UO_1000010>
<http://purl.obolibrary.org/obo/UO_0000114>	<http://www.w3.org/2000/01/rdf-schema#subClassOf>	<http://purl.obolibrary.org/obo/UO_1000114>
<http://purl.obolibrary.org/obo/UO_0000038>	<http://www.w3.org/2000/01/rdf-schema#subClassOf>	<http://purl.obolibrary.org/obo/UO_1000011>
<http://purl.obolibrary.org/obo/UO_0000064>	<http://www.w3.org/2000/01/rdf-schema#subClassOf>	<http://purl.obolibrary.org/obo/UO_1000062>
<http://purl.obolibrary.org/obo/UO_0000032>	<http://www.w3.org/2000/01/rdf-schema#subClassOf>	<http://purl.obolibrary.org/obo/UO_1000032>
<http://purl.obolibrary.org/obo/UO_1000168>	<http://www.w3.org/2000/01/rdf-schema#subClassOf>	<http://purl.obolibrary.org/obo/UO_0000166>
<http://purl.obolibrary.org/obo/UO_1000162>	<http://www.w3.org/2000/01/rdf-schema#subClassOf>	<http://purl.obolibrary.org/obo/UO_0000159>
<http://purl.obolibrary.org/obo/UO_1000238>	<http://www.w3.org/2000/01/rdf-schema#subClassOf>	<http://purl.obolibrary.org/obo/UO_0000236>
<http://purl.obolibrary.org/obo/UO_1000193>	<http://www.w3.org/2000/01/rdf-schema#subClassOf>	<http://purl.obolibrary.org/obo/UO_0000187>
<http://purl.obolibrary.org/obo/UO_1000152>	<http://www.w3.org/2000/01/rdf-schema#subClassOf>	<http://purl.obolibrary.org/obo/UO_0000003>
<http://purl.obolibrary.org/obo/UO_0000312>	<http://www.w3.org/2000/01/rdf-schema#subClassOf>	<http://purl.obolibrary.org/obo/UO_1000312>
<http://purl.obolibrary.org/obo/UO_1000244>	<http://www.w3.org/2000/01/rdf-schema#subClassOf>	<http://purl.obolibrary.org/obo/UO_0000189>
<http://purl.obolibrary.org/obo/UO_1000246>	<http://www.w3.org/2000/01/rdf-schema#subClassOf>	<http://purl.obolibrary.org/obo/UO_0000231>
<http://purl.obolibrary.org/obo/UO_1010036>	<http://www.w3.org/2000/01/rdf-schema#subClassOf>	<http://purl.obolibrary.org/obo/UO_0000002>
<http://purl.obolibrary.org/obo/UO_0010051>	<http://www.w3.org/2000/01/rdf-schema#subClassOf>	<http://purl.obolibrary.org/obo/UO_1010051>
<http://purl.obolibrary.org/obo/UO_0000006>	<http://www.w3.org/2000/01/rdf-schema#subClassOf>	<http://purl.obolibrary.org/obo/UO_0000000>
<http://purl.obolibrary.org/obo/UO_0000209>	<http://www.w3.org/2000/01/rdf-schema#subClassOf>	<http://purl.obolibrary.org/obo/UO_1000099>
<http://purl.obolibrary.org/obo/UO_0000156>	<http://www.w3.org/2000/01/rdf-schema#subClassOf>	<http://purl.obolibrary.org/obo/UO_1000156>
<http://purl.obolibrary.org/obo/UO_0000050>	<http://www.w3.org/2000/01/rdf-schema#subClassOf>	<http://purl.obolibrary.org/obo/UO_0000000>
<http://purl.obolibrary.org/obo/UO_0000203>	<http://www.w3.org/2000/01/rdf-schema#subClassOf>	<http://purl.obolibrary.org/obo/UO_1000203>
<http://purl.obolibrary.org/obo/UO_0000206>	<http://www.w3.org/2000/01/rdf-schema#subClassOf>	<http://purl.obolibrary.org/obo/UO_0000205>
<http://purl.obolibrary.org/obo/UO_0000026>	<http://www.w3.org/2000/01/rdf-schema#subClassOf>	<http://purl.obolibrary.org/obo/UO_1000021>
<http://purl.obolibrary.org/obo/UO_1000240>	<http://www.w3.org/2000/01/rdf-schema#subClassOf>	<http://purl.obolibrary.org/obo/UO_0000239>
<http://purl.obolibrary.org/obo/UO_0000072>	<http://www.w3.org/2000/01/rdf-schema#subClassOf>	<http://purl.obolibrary.org/obo/UO_1000068>
<http://purl.obolibrary.org/obo/UO_0000254>	<http://www.w3.org/2000/01/rdf-schema#subClassOf>	<http://purl.obolibrary.org/obo/UO_1000254>
<http://purl.obolibrary.org/obo/UO_0000096>	<http://www.w3.org/2000/01/rdf-schema#subClassOf>	<http://purl.obolibrary.org/obo/UO_1000096>
<http://purl.obolibrary.org/obo/UO_1010020>	<http://www.w3.org/2000/01/rdf-schema#subClassOf>	<http://purl.obolibrary.org/obo/UO_0010019>
<http://purl.obolibrary.org/obo/UO_0000056>	<http://www.w3.org/2000/01/rdf-schema#subClassOf>	<http://purl.obolibrary.org/obo/UO_0000095>
<http://purl.obolibrary.org/obo/UO_0000122>	<http://www.w3.org/2000/01/rdf-schema#subClassOf>	<http://purl.obolibrary.org/obo/UO_0000121>
<http://purl.obolibrary.org/obo/UO_1000062>	<http://www.w3.org/2000/01/rdf-schema#subClassOf>	<http://purl.obolibrary.org/obo/UO_0000061>
<http://purl.obolibrary.org/obo/UO_1000285>	<http://www.w3.org/2000/01/rdf-schema#subClassOf>	<http://purl.obolibrary.org/obo/UO_0000280>
<http://purl.obolibrary.org/obo/UO_1000313>	<http://www.w3.org/2000/01/rdf-schema#subClassOf>	<http://purl.obolibrary.org/obo/UO_0000312>
<http://purl.obolibrary.org/obo/UO_1000082>	<http://www.w3.org/2000/01/rdf-schema#subClassOf>	<http://purl.obolibrary.org/obo/UO_0000047>
<http://purl.obolibrary.org/obo/UO_1000165>	<http://www.w3.org/2000/01/rdf-schema#subClassOf>	<http://purl.obolibrary.org/obo/UO_0000205>
<http://purl.obolibrary.org/obo/UO_0000202>	<http://www.w3.org/2000/01/rdf-schema#subClassOf>	<http://purl.obolibrary.org/obo/UO_0000051>
<http://purl.obolibrary.org/obo/UO_0000264>	<http://www.w3.org/2000/01/rdf-schema#subClassOf>	<http://purl.obolibrary.org/obo/UO_1000264>
<http://purl.obolibrary.org/obo/UO_0000329>	<http://www.w3.org/2000/01/rdf-schema#subClassOf>	<http://purl.obolibrary.org/obo/UO_0000244>
<http://purl.obolibrary.org/obo/UO_0000132>	<http://www.w3.org/2000/01/rdf-schema#subClassOf>	<http://purl.obolibrary.org/obo/UO_1000132>
<http://purl.obolibrary.org/obo/UO_1000232>	<http://www.w3.org/2000/01/rdf-schema#subClassOf>	<http://purl.obolibrary.org/obo/UO_0000231>
<http://purl.obolibrary.org/obo/UO_0010018>	<http://www.w3.org/2000/01/rdf-schema#subClassOf>	<http://purl.obolibrary.org/obo/UO_0000045>
<http://purl.obolibrary.org/obo/UO_0000180>	<http://www.w3.org/2000/01/rdf-schema#subClassOf>	<http://purl.obolibrary.org/obo/UO_1000180>
<http://purl.obolibrary.org/obo/UO_0000158>	<http://www.w3.org/2000/01/rdf-schema#subClassOf>	<http://purl.obolibrary.org/obo/UO_1000158>
<http://purl.obolibrary.org/obo/UO_0000171>	<http://www.w3.org/2000/01/rdf-schema#subClassOf>	<http://purl.obolibrary.org/obo/UO_1000171>
<http://purl.obolibrary.org/obo/UO_0000010>	<http://www.w3.org/2000/01/rdf-schema#subClassOf>	<http://purl.obolibrary.org/obo/UO_0000045>
<http://purl.obolibrary.org/obo/UO_0000194>	<http://www.w3.org/2000/01/rdf-schema#subClassOf>	<http://purl.obolibrary.org/obo/UO_1000194>
<http://purl.obolibrary.org/obo/UO_0010054>	<http://www.w3.org/2000/01/rdf-schema#subClassOf>	<http://purl.obolibrary.org/obo/UO_1000011>
<http://purl.obolibrary.org/obo/UO_0000310>	<http://www.w3.org/2000/01/rdf-schema#subClassOf>	<http://purl.obolibrary.org/obo/UO_1000310>
<http://purl.obolibrary.org/obo/UO_0000211>	<http://www.w3.org/2000/01/rdf-schema#subClassOf>	<http://purl.obolibrary.org/obo/UO_1000211>
<http://purl.obolibrary.org/obo/UO_0000256>	<http://www.w3.org/2000/01/rdf-schema#subClassOf>	<http://purl.obolibrary.org/obo/UO_0000000>
<http://purl.obolibrary.org/obo/UO_0010014>	<http://www.w3.org/2000/01/rdf-schema#subClassOf>	<http://purl.obolibrary.org/obo/UO_0000045>
<http://purl.obolibrary.org/obo/UO_0010008>	<http://www.w3.org/2000/01/rdf-schema#subClassOf>	<http://purl.obolibrary.org/obo/UO_0000060>
<http://purl.obolibrary.org/obo/UO_0010038>	<http://www.w3.org/2000/01/rdf-schema#subClassOf>	<http://purl.obolibrary.org/obo/UO_1010038>
<http://purl.obolibrary.org/obo/UO_0000004>	<http://www.w3.org/2000/01/rdf-schema#subClassOf>	<http://purl.obolibrary.org/obo/UO_0000000>
<http://purl.obolibrary.org/obo/UO_0000297>	<http://www.w3.org/2000/01/rdf-schema#subClassOf>	<http://purl.obolibrary.org/obo/UO_0000046>
<http://purl.obolibrary.org/obo/UO_0000044>	<http://www.w3.org/2000/01/rdf-schema#subClassOf>	<http://purl.obolibrary.org/obo/UO_1000013>
<http://purl.obolibrary.org/obo/UO_0000279>	<http://www.w3.org/2000/01/rdf-schema#subClassOf>	<http://purl.obolibrary.org/obo/UO_0000177>
<http://purl.obolibrary.org/obo/UO_0000314>	<http://www.w3.org/2000/01/rdf-schema#subClassOf>	<http://purl.obolibrary.org/obo/UO_1000314>
<http://purl.obolibrary.org/obo/UO_0010027>	<http://www.w3.org/2000/01/rdf-schema#subClassOf>	<http://purl.obolibrary.org/obo/UO_1010027>
<http://purl.obolibrary.org/obo/UO_0000023>	<http://www.w3.org/2000/01/rdf-schema#subClassOf>	<http://purl.obolibrary.org/obo/UO_1000021>
<http://purl.obolibrary.org/obo/UO_0000252>	<http://www.w3.org/2000/01/rdf-schema#subClassOf>	<http://purl.obolibrary.org/obo/UO_1000218>
<http://purl.obolibrary.org/obo/UO_0000104>	<http://www.w3.org/2000/01/rdf-schema#subClassOf>	<http://purl.obolibrary.org/obo/UO_1000099>
<http://purl.obolibrary.org/obo/UO_1000226>	<http://www.w3.org/2000/01/rdf-schema#subClassOf>	<http://purl.obolibrary.org/obo/UO_0000225>
<http://purl.obolibrary.org/obo/UO_0000081>	<http://www.w3.org/2000/01/rdf-schema#subClassOf>	<http://purl.obolibrary.org/obo/UO_1000081>
<http://purl.obolibrary.org/obo/UO_0000099>	<http://www.w3.org/2000/01/rdf-schema#subClassOf>	<http://purl.obolibrary.org/obo/UO_1000099>
<http://purl.obolibrary.org/obo/UO_1000008>	<http://www.w3.org/2000/01/rdf-schema#subClassOf>	<http://purl.obolibrary.org/obo/UO_0000001>
<http://purl.obolibrary.org/obo/UO_0000165>	<http://www.w3.org/2000/01/rdf-schema#subClassOf>	<http://purl.obolibrary.org/obo/UO_1000165>
<http://purl.obolibrary.org/obo/UO_0000212>	<http://www.w3.org/2000/01/rdf-schema#subClassOf>	<http://purl.obolibrary.org/obo/UO_0000051>
<http://purl.obolibrary.org/obo/UO_1000221>	<http://www.w3.org/2000/01/rdf-schema#subClassOf>	<http://purl.obolibrary.org/obo/UO_0000002>
<http://purl.obolibrary.org/obo/UO_0000181>	<http://www.w3.org/2000/01/rdf-schema#subClassOf>	<http://purl.obolibrary.org/obo/UO_1000181>
<http://purl.obolibrary.org/obo/UO_0000066>	<http://www.w3.org/2000/01/rdf-schema#subClassOf>	<http://purl.obolibrary.org/obo/UO_1000062>
<http://purl.obolibrary.org/obo/UO_1000106>	<http://www.w3.org/2000/01/rdf-schema#subClassOf>	<http://purl.obolibrary.org/obo/UO_0000105>
<http://purl.obolibrary.org/obo/UO_0000236>	<http://www.w3.org/2000/01/rdf-schema#subClassOf>	<http://purl.obolibrary.org/obo/UO_0000231>
<http://purl.obolibrary.org/obo/UO_0000284>	<http://www.w3.org/2000/01/rdf-schema#subClassOf>	<http://purl.obolibrary.org/obo/UO_1000284>
<http://purl.obolibrary.org/obo/UO_1000076>	<http://www.w3.org/2000/01/rdf-schema#subClassOf>	<http://purl.obolibrary.org/obo/UO_0000191>
<http://purl.obolibrary.org/obo/UO_0010066>	<http://www.w3.org/2000/01/rdf-schema#subClassOf>	<http://purl.obolibrary.org/obo/UO_1000008>
<http://purl.obolibrary.org/obo/UO_1000158>	<http://www.w3.org/2000/01/rdf-schema#subClassOf>	<http://purl.obolibrary.org/obo/UO_0000161>
<http://purl.obolibrary.org/obo/UO_0000175>	<http://www.w3.org/2000/01/rdf-schema#subClassOf>	<http://purl.obolibrary.org/obo/UO_1000175>
<http://purl.obolibrary.org/obo/UO_0000160>	<http://www.w3.org/2000/01/rdf-schema#subClassOf>	<http://purl.obolibrary.org/obo/UO_1000156>
<http://purl.obolibrary.org/obo/UO_0000247>	<http://www.w3.org/2000/01/rdf-schema#subClassOf>	<http://purl.obolibrary.org/obo/UO_1000218>
<http://purl.obolibrary.org/obo/UO_0010013>	<http://www.w3.org/2000/01/rdf-schema#subClassOf>	<http://purl.obolibrary.org/obo/UO_1010013>
<http://purl.obolibrary.org/obo/UO_1000192>	<http://www.w3.org/2000/01/rdf-schema#subClassOf>	<http://purl.obolibrary.org/obo/UO_0000189>
<http://purl.obolibrary.org/obo/UO_1000080>	<http://www.w3.org/2000/01/rdf-schema#subClassOf>	<http://purl.obolibrary.org/obo/UO_0000047>
<http://purl.obolibrary.org/obo/UO_0010065>	<http://www.w3.org/2000/01/rdf-schema#subClassOf>	<http://purl.obolibrary.org/obo/UO_0000129>
<http://purl.obolibrary.org/obo/UO_0000225>	<http://www.w3.org/2000/01/rdf-schema#subClassOf>	<http://purl.obolibrary.org/obo/UO_0000000>
<http://purl.obolibrary.org/obo/UO_0010034>	<http://www.w3.org/2000/01/rdf-schema#subClassOf>	<http://purl.obolibrary.org/obo/UO_1010034>
<http://purl.obolibrary.org/obo/UO_0010011>	<http://www.w3.org/2000/01/rdf-schema#subClassOf>	<http://purl.obolibrary.org/obo/UO_1010011>
<http://purl.obolibrary.org/obo/UO_1010033>	<http://www.w3.org/2000/01/rdf-schema#subClassOf>	<http://purl.obolibrary.org/obo/UO_0000002>
<http://purl.obolibrary.org/obo/UO_0000326>	<http://www.w3.org/2000/01/rdf-schema#subClassOf>	<http://purl.obolibrary.org/obo/UO_0000001>
<http://purl.obolibrary.org/obo/UO_1010001>	<http://www.w3.org/2000/01/rdf-schema#subClassOf>	<http://purl.obolibrary.org/obo/UO_0000047>
<http://purl.obolibrary.org/obo/UO_1000012>	<http://www.w3.org/2000/01/rdf-schema#subClassOf>	<http://purl.obolibrary.org/obo/UO_0000005>
<http://purl.obolibrary.org/obo/UO_0000263>	<http://www.w3.org/2000/01/rdf-schema#subClassOf>	<http://purl.obolibrary.org/obo/UO_0000261>
<http://purl.obolibrary.org/obo/UO_0000267>	<http://www.w3.org/2000/01/rdf-schema#subClassOf>	<http://purl.obolibrary.org/obo/UO_0000000>
<http://purl.obolibrary.org/obo/UO_0000198>	<http://www.w3.org/2000/01/rdf-schema#subClassOf>	<http://purl.obolibrary.org/obo/UO_1000197>
<http://purl.obolibrary.org/obo/UO_1000081>	<http://www.w3.org/2000/01/rdf-schema#subClassOf>	<http://purl.obolibrary.org/obo/UO_0000047>
<http://purl.obolibrary.org/obo/UO_1000084>	<http://www.w3.org/2000/01/rdf-schema#subClassOf>	<http://purl.obolibrary.org/obo/UO_0000052>
<http://purl.obolibrary.org/obo/UO_0000082>	<http://www.w3.org/2000/01/rdf-schema#subClassOf>	<http://purl.obolibrary.org/obo/UO_1000082>
<http://purl.obolibrary.org/obo/UO_1000312>	<http://www.w3.org/2000/01/rdf-schema#subClassOf>	<http://purl.obolibrary.org/obo/UO_0000157>
<http://purl.obolibrary.org/obo/UO_0000029>	<http://www.w3.org/2000/01/rdf-schema#subClassOf>	<http://purl.obolibrary.org/obo/UO_1000010>
<http://purl.obolibrary.org/obo/UO_0000185>	<http://www.w3.org/2000/01/rdf-schema#subClassOf>	<http://purl.obolibrary.org/obo/UO_1000185>
<http://purl.obolibrary.org/obo/UO_0010010>	<http://www.w3.org/2000/01/rdf-schema#subClassOf>	<http://purl.obolibrary.org/obo/UO_1010010>
<http://purl.obolibrary.org/obo/UO_0000255>	<http://www.w3.org/2000/01/rdf-schema#subClassOf>	<http://purl.obolibrary.org/obo/UO_1000255>
<http://purl.obolibrary.org/obo/UO_0000059>	<http://www.w3.org/2000/01/rdf-schema#subClassOf>	<http://purl.obolibrary.org/obo/UO_0000095>
<http://purl.obolibrary.org/obo/UO_0000120>	<http://www.w3.org/2000/01/rdf-schema#subClassOf>	<http://purl.obolibrary.org/obo/UO_1000120>
<http://purl.obolibrary.org/obo/UO_1000185>	<http://www.w3.org/2000/01/rdf-schema#subClassOf>	<http://purl.obolibrary.org/obo/UO_0000122>
<http://purl.obolibrary.org/obo/UO_0000001>	<http://www.w3.org/2000/01/rdf-schema#subClassOf>	<http://purl.obolibrary.org/obo/UO_0000000>
<http://purl.obolibrary.org/obo/UO_0000222>	<http://www.w3.org/2000/01/rdf-schema#subClassOf>	<http://purl.obolibrary.org/obo/UO_1000221>
<http://purl.obolibrary.org/obo/UO_1000014>	<http://www.w3.org/2000/01/rdf-schema#subClassOf>	<http://purl.obolibrary.org/obo/UO_0000007>
<http://purl.obolibrary.org/obo/UO_1000194>	<http://www.w3.org/2000/01/rdf-schema#subClassOf>	<http://purl.obolibrary.org/obo/UO_0000187>
<http://purl.obolibrary.org/obo/UO_0000249>	<http://www.w3.org/2000/01/rdf-schema#subClassOf>	<http://purl.obolibrary.org/obo/UO_1000218>
<http://purl.obolibrary.org/obo/UO_1000284>	<http://www.w3.org/2000/01/rdf-schema#subClassOf>	<http://purl.obolibrary.org/obo/UO_0000280>
<http://purl.obolibrary.org/obo/UO_0010021>	<http://www.w3.org/2000/01/rdf-schema#subClassOf>	<http://purl.obolibrary.org/obo/UO_1010021>
<http://purl.obolibrary.org/obo/UO_1000010>	<http://www.w3.org/2000/01/rdf-schema#subClassOf>	<http://purl.obolibrary.org/obo/UO_0000003>
<http://purl.obolibrary.org/obo/UO_1000019>	<http://www.w3.org/2000/01/rdf-schema#subClassOf>	<http://purl.obolibrary.org/obo/UO_0000001>
<http://purl.obolibrary.org/obo/UO_0000061>	<http://www.w3.org/2000/01/rdf-schema#subClassOf>	<http://purl.obolibrary.org/obo/UO_0000051>
<http://purl.obolibrary.org/obo/UO_0000112>	<http://www.w3.org/2000/01/rdf-schema#subClassOf>	<http://purl.obolibrary.org/obo/UO_1000112>
<http://purl.obolibrary.org/obo/UO_0000163>	<http://www.w3.org/2000/01/rdf-schema#subClassOf>	<http://purl.obolibrary.org/obo/UO_1000163>
<http://purl.obolibrary.org/obo/UO_1000163>	<http://www.w3.org/2000/01/rdf-schema#subClassOf>	<http://purl.obolibrary.org/obo/UO_0000187>
<http://purl.obolibrary.org/obo/UO_0000235>	<http://www.w3.org/2000/01/rdf-schema#subClassOf>	<http://purl.obolibrary.org/obo/UO_1000233>
<http://purl.obolibrary.org/obo/UO_0000057>	<http://www.w3.org/2000/01/rdf-schema#subClassOf>	<http://purl.obolibrary.org/obo/UO_0000000>
<http://purl.obolibrary.org/obo/UO_1000265>	<http://www.w3.org/2000/01/rdf-schema#subClassOf>	<http://purl.obolibrary.org/obo/UO_0000263>
<http://purl.obolibrary.org/obo/UO_0000280>	<http://www.w3.org/2000/01/rdf-schema#subClassOf>	<http://purl.obolibrary.org/obo/UO_0000000>
<http://purl.obolibrary.org/obo/UO_0000123>	<http://www.w3.org/2000/01/rdf-schema#subClassOf>	<http://purl.obolibrary.org/obo/UO_1000123>
<http://purl.obolibrary.org/obo/UO_0000292>	<http://www.w3.org/2000/01/rdf-schema#subClassOf>	<http://purl.obolibrary.org/obo/UO_0000046>
<http://purl.obolibrary.org/obo/UO_0000095>	<http://www.w3.org/2000/01/rdf-schema#subClassOf>	<http://purl.obolibrary.org/obo/UO_0000000>
<http://purl.obolibrary.org/obo/UO_1000164>	<http://www.w3.org/2000/01/rdf-schema#subClassOf>	<http://purl.obolibrary.org/obo/UO_0000051>
<http://purl.obolibrary.org/obo/UO_1000068>	<http://www.w3.org/2000/01/rdf-schema#subClassOf>	<http://purl.obolibrary.org/obo/UO_0000067>
<http://purl.obolibrary.org/obo/UO_0000197>	<http://www.w3.org/2000/01/rdf-schema#subClassOf>	<http://purl.obolibrary.org/obo/UO_1000197>
<http://purl.obolibrary.org/obo/UO_0000027>	<http://www.w3.org/2000/01/rdf-schema#subClassOf>	<http://purl.obolibrary.org/obo/UO_1000027>
<http://purl.obolibrary.org/obo/UO_1000036>	<http://www.w3.org/2000/01/rdf-schema#subClassOf>	<http://purl.obolibrary.org/obo/UO_0000003>
<http://purl.obolibrary.org/obo/UO_1000260>	<http://www.w3.org/2000/01/rdf-schema#subClassOf>	<http://purl.obolibrary.org/obo/UO_0000127>
<http://purl.obolibrary.org/obo/UO_0000154>	<http://www.w3.org/2000/01/rdf-schema#subClassOf>	<http://purl.obolibrary.org/obo/UO_0000157>
<http://purl.obolibrary.org/obo/UO_0000253>	<http://www.w3.org/2000/01/rdf-schema#subClassOf>	<http://purl.obolibrary.org/obo/UO_0000000>
<http://purl.obolibrary.org/obo/UO_1000201>	<http://www.w3.org/2000/01/rdf-schema#subClassOf>	<http://purl.obolibrary.org/obo/UO_0000200>
<http://purl.obolibrary.org/obo/UO_1000032>	<http://www.w3.org/2000/01/rdf-schema#subClassOf>	<http://purl.obolibrary.org/obo/UO_0000003>
<http://purl.obolibrary.org/obo/UO_0000009>	<http://www.w3.org/2000/01/rdf-schema#subClassOf>	<http://purl.obolibrary.org/obo/UO_1000021>
<http://purl.obolibrary.org/obo/UO_0000094>	<http://www.w3.org/2000/01/rdf-schema#subClassOf>	<http://purl.obolibrary.org/obo/UO_1000094>
<http://purl.obolibrary.org/obo/UO_0000217>	<http://www.w3.org/2000/01/rdf-schema#subClassOf>	<http://purl.obolibrary.org/obo/UO_0000000>
<http://purl.obolibrary.org/obo/UO_0000079>	<http://www.w3.org/2000/01/rdf-schema#subClassOf>	<http://purl.obolibrary.org/obo/UO_1000079>
<http://purl.obolibrary.org/obo/UO_0000258>	<http://www.w3.org/2000/01/rdf-schema#subClassOf>	<http://purl.obolibrary.org/obo/UO_1000258>
<http://purl.obolibrary.org/obo/UO_0000170>	<http://www.w3.org/2000/01/rdf-schema#subClassOf>	<http://purl.obolibrary.org/obo/UO_1000170>
<http://purl.obolibrary.org/obo/UO_0000228>	<http://www.w3.org/2000/01/rdf-schema#subClassOf>	<http://purl.obolibrary.org/obo/UO_1000228>
<http://purl.obolibrary.org/obo/UO_0000017>	<http://www.w3.org/2000/01/rdf-schema#subClassOf>	<http://purl.obolibrary.org/obo/UO_1000008>
<http://purl.obolibrary.org/obo/UO_0000179>	<http://www.w3.org/2000/01/rdf-schema#subClassOf>	<http://purl.obolibrary.org/obo/UO_1000179>
<http://purl.obolibrary.org/obo/UO_0010026>	<http://www.w3.org/2000/01/rdf-schema#subClassOf>	<http://purl.obolibrary.org/obo/UO_1010026>
<http://purl.obolibrary.org/obo/UO_1010049>	<http://www.w3.org/2000/01/rdf-schema#subClassOf>	<http://purl.obolibrary.org/obo/UO_0000054>
<http://purl.obolibrary.org/obo/UO_0000157>	<http://www.w3.org/2000/01/rdf-schema#subClassOf>	<http://purl.obolibrary.org/obo/UO_0000000>
<http://purl.obolibrary.org/obo/UO_0010024>	<http://www.w3.org/2000/01/rdf-schema#subClassOf>	<http://purl.obolibrary.org/obo/UO_1010024>
<http://purl.obolibrary.org/obo/UO_1000077>	<http://www.w3.org/2000/01/rdf-schema#subClassOf>	<http://purl.obolibrary.org/obo/UO_0000048>
<http://purl.obolibrary.org/obo/UO_1010037>	<http://www.w3.org/2000/01/rdf-schema#subClassOf>	<http://purl.obolibrary.org/obo/UO_0000002>
<http://purl.obolibrary.org/obo/UO_1000233>	<http://www.w3.org/2000/01/rdf-schema#subClassOf>	<http://purl.obolibrary.org/obo/UO_0000231>
<http://purl.obolibrary.org/obo/UO_1010022>	<http://www.w3.org/2000/01/rdf-schema#subClassOf>	<http://purl.obolibrary.org/obo/UO_0010019>
<http://purl.obolibrary.org/obo/UO_0000065>	<http://www.w3.org/2000/01/rdf-schema#subClassOf>	<http://purl.obolibrary.org/obo/UO_1000062>
<http://purl.obolibrary.org/obo/UO_1000153>	<http://www.w3.org/2000/01/rdf-schema#subClassOf>	<http://purl.obolibrary.org/obo/UO_0000115>
<http://purl.obolibrary.org/obo/UO_0000125>	<http://www.w3.org/2000/01/rdf-schema#subClassOf>	<http://purl.obolibrary.org/obo/UO_1000125>
<http://purl.obolibrary.org/obo/UO_0000230>	<http://www.w3.org/2000/01/rdf-schema#subClassOf>	<http://purl.obolibrary.org/obo/UO_1000229>
<http://purl.obolibrary.org/obo/UO_0000109>	<http://www.w3.org/2000/01/rdf-schema#subClassOf>	<http://purl.obolibrary.org/obo/UO_0000000>
<http://purl.obolibrary.org/obo/UO_0010053>	<http://www.w3.org/2000/01/rdf-schema#subClassOf>	<http://purl.obolibrary.org/obo/UO_0000052>
<http://purl.obolibrary.org/obo/UO_0010014>	<http://www.w3.org/2000/01/rdf-schema#subClassOf>	<http://purl.obolibrary.org/obo/UO_1010014>
<http://purl.obolibrary.org/obo/UO_0000250>	<http://www.w3.org/2000/01/rdf-schema#subClassOf>	<http://purl.obolibrary.org/obo/UO_1000218>
<http://purl.obolibrary.org/obo/UO_1010015>	<http://www.w3.org/2000/01/rdf-schema#subClassOf>	<http://purl.obolibrary.org/obo/UO_0000001>
<http://purl.obolibrary.org/obo/UO_0000131>	<http://www.w3.org/2000/01/rdf-schema#subClassOf>	<http://purl.obolibrary.org/obo/UO_0000127>
<http://purl.obolibrary.org/obo/UO_0010064>	<http://www.w3.org/2000/01/rdf-schema#subClassOf>	<http://purl.obolibrary.org/obo/UO_0000129>
<http://purl.obolibrary.org/obo/UO_0000307>	<http://www.w3.org/2000/01/rdf-schema#subClassOf>	<http://purl.obolibrary.org/obo/UO_0000051>
<http://purl.obolibrary.org/obo/UO_0000245>	<http://www.w3.org/2000/01/rdf-schema#subClassOf>	<http://purl.obolibrary.org/obo/UO_1000245>
<http://purl.obolibrary.org/obo/UO_0000190>	<http://www.w3.org/2000/01/rdf-schema#subClassOf>	<http://purl.obolibrary.org/obo/UO_0000186>
<http://purl.obolibrary.org/obo/UO_0010015>	<http://www.w3.org/2000/01/rdf-schema#subClassOf>	<http://purl.obolibrary.org/obo/UO_0000045>
<http://purl.obolibrary.org/obo/UO_0000193>	<http://www.w3.org/2000/01/rdf-schema#subClassOf>	<http://purl.obolibrary.org/obo/UO_1000193>
<http://purl.obolibrary.org/obo/UO_0000298>	<http://www.w3.org/2000/01/rdf-schema#subClassOf>	<http://purl.obolibrary.org/obo/UO_0000046>
<http://purl.obolibrary.org/obo/UO_0010062>	<http://www.w3.org/2000/01/rdf-schema#subClassOf>	<http://purl.obolibrary.org/obo/UO_1010060>
<http://purl.obolibrary.org/obo/UO_0000049>	<http://www.w3.org/2000/01/rdf-schema#subClassOf>	<http://purl.obolibrary.org/obo/UO_0000000>
<http://purl.obolibrary.org/obo/UO_0000140>	<http://www.w3.org/2000/01/rdf-schema#subClassOf>	<http://purl.obolibrary.org/obo/UO_1000140>
<http://purl.obolibrary.org/obo/UO_0000195>	<http://www.w3.org/2000/01/rdf-schema#subClassOf>	<http://purl.obolibrary.org/obo/UO_1000195>
<http://purl.obolibrary.org/obo/UO_1000134>	<http://www.w3.org/2000/01/rdf-schema#subClassOf>	<http://purl.obolibrary.org/obo/UO_0000129>
<http://purl.obolibrary.org/obo/UO_1010011>	<http://www.w3.org/2000/01/rdf-schema#subClassOf>	<http://purl.obolibrary.org/obo/UO_0000001>
<http://purl.obolibrary.org/obo/UO_0010055>	<http://www.w3.org/2000/01/rdf-schema#subClassOf>	<http://purl.obolibrary.org/obo/UO_1000134>
<http://purl.obolibrary.org/obo/UO_0000251>	<http://www.w3.org/2000/01/rdf-schema#subClassOf>	<http://purl.obolibrary.org/obo/UO_1000218>
<http://purl.obolibrary.org/obo/UO_0000218>	<http://www.w3.org/2000/01/rdf-schema#subClassOf>	<http://purl.obolibrary.org/obo/UO_1000218>
<http://purl.obolibrary.org/obo/UO_0000302>	<http://www.w3.org/2000/01/rdf-schema#subClassOf>	<http://purl.obolibrary.org/obo/UO_0000046>
<http://purl.obolibrary.org/obo/UO_0000067>	<http://www.w3.org/2000/01/rdf-schema#subClassOf>	<http://purl.obolibrary.org/obo/UO_0000051>
<http://purl.obolibrary.org/obo/UO_0000281>	<http://www.w3.org/2000/01/rdf-schema#subClassOf>	<http://purl.obolibrary.org/obo/UO_1000281>
<http://purl.obolibrary.org/obo/UO_1000137>	<http://www.w3.org/2000/01/rdf-schema#subClassOf>	<http://purl.obolibrary.org/obo/UO_0000130>
<http://purl.obolibrary.org/obo/UO_0000146>	<http://www.w3.org/2000/01/rdf-schema#subClassOf>	<http://purl.obolibrary.org/obo/UO_1000133>
<http://purl.obolibrary.org/obo/UO_0000142>	<http://www.w3.org/2000/01/rdf-schema#subClassOf>	<http://purl.obolibrary.org/obo/UO_1000134>
<http://purl.obolibrary.org/obo/UO_1000108>	<http://www.w3.org/2000/01/rdf-schema#subClassOf>	<http://purl.obolibrary.org/obo/UO_0000107>
<http://purl.obolibrary.org/obo/UO_0000068>	<http://www.w3.org/2000/01/rdf-schema#subClassOf>	<http://purl.obolibrary.org/obo/UO_1000068>
<http://purl.obolibrary.org/obo/UO_0000106>	<http://www.w3.org/2000/01/rdf-schema#subClassOf>	<http://purl.obolibrary.org/obo/UO_1000106>
<http://purl.obolibrary.org/obo/UO_0010017>	<http://www.w3.org/2000/01/rdf-schema#subClassOf>	<http://purl.obolibrary.org/obo/UO_1010017>
<http://purl.obolibrary.org/obo/UO_0000012>	<http://www.w3.org/2000/01/rdf-schema#subClassOf>	<http://purl.obolibrary.org/obo/UO_1000012>
<http://purl.obolibrary.org/obo/UO_0010040>	<http://www.w3.org/2000/01/rdf-schema#subClassOf>	<http://purl.obolibrary.org/obo/UO_1010040>
<http://purl.obolibrary.org/obo/UO_1000243>	<http://www.w3.org/2000/01/rdf-schema#subClassOf>	<http://purl.obolibrary.org/obo/UO_0000239>
<http://purl.obolibrary.org/obo/UO_1010040>	<http://www.w3.org/2000/01/rdf-schema#subClassOf>	<http://purl.obolibrary.org/obo/UO_0000095>
<http://purl.obolibrary.org/obo/UO_1000178>	<http://www.w3.org/2000/01/rdf-schema#subClassOf>	<http://purl.obolibrary.org/obo/UO_0000177>
<http://purl.obolibrary.org/obo/UO_1010029>	<http://www.w3.org/2000/01/rdf-schema#subClassOf>	<http://purl.obolibrary.org/obo/UO_0000095>
<http://purl.obolibrary.org/obo/UO_1000125>	<http://www.w3.org/2000/01/rdf-schema#subClassOf>	<http://purl.obolibrary.org/obo/UO_0000124>
<http://purl.obolibrary.org/obo/UO_1010034>	<http://www.w3.org/2000/01/rdf-schema#subClassOf>	<http://purl.obolibrary.org/obo/UO_0000002>
<http://purl.obolibrary.org/obo/UO_0000063>	<http://www.w3.org/2000/01/rdf-schema#subClassOf>	<http://purl.obolibrary.org/obo/UO_1000062>
<http://purl.obolibrary.org/obo/UO_0000092>	<http://www.w3.org/2000/01/rdf-schema#subClassOf>	<http://purl.obolibrary.org/obo/UO_1000092>
<http://purl.obolibrary.org/obo/UO_1000268>	<http://www.w3.org/2000/01/rdf-schema#subClassOf>	<http://purl.obolibrary.org/obo/UO_0000267>
<http://purl.obolibrary.org/obo/UO_0000069>	<http://www.w3.org/2000/01/rdf-schema#subClassOf>	<http://purl.obolibrary.org/obo/UO_1000068>
<http://purl.obolibrary.org/obo/UO_0000144>	<http://www.w3.org/2000/01/rdf-schema#subClassOf>	<http://purl.obolibrary.org/obo/UO_1000137>
<http://purl.obolibrary.org/obo/UO_1000163>	<http://www.w3.org/2000/01/rdf-schema#subClassOf>	<http://purl.obolibrary.org/obo/UO_0000051>
<http://purl.obolibrary.org/obo/UO_0000199>	<http://www.w3.org/2000/01/rdf-schema#subClassOf>	<http://purl.obolibrary.org/obo/UO_1000197>
<http://purl.obolibrary.org/obo/UO_0010025>	<http://www.w3.org/2000/01/rdf-schema#subClassOf>	<http://purl.obolibrary.org/obo/UO_1010025>
<http://purl.obolibrary.org/obo/UO_0000024>	<http://www.w3.org/2000/01/rdf-schema#subClassOf>	<http://purl.obolibrary.org/obo/UO_1000021>
<http://purl.obolibrary.org/obo/UO_1010060>	<http://www.w3.org/2000/01/rdf-schema#subClassOf>	<http://purl.obolibrary.org/obo/UO_0000129>
<http://purl.obolibrary.org/obo/UO_0000052>	<http://www.w3.org/2000/01/rdf-schema#subClassOf>	<http://purl.obolibrary.org/obo/UO_0000182>
<http://purl.obolibrary.org/obo/UO_0000076>	<http://www.w3.org/2000/01/rdf-schema#subClassOf>	<http://purl.obolibrary.org/obo/UO_1000076>
<http://purl.obolibrary.org/obo/UO_0000208>	<http://www.w3.org/2000/01/rdf-schema#subClassOf>	<http://purl.obolibrary.org/obo/UO_1000208>
<http://purl.obolibrary.org/obo/UO_0000248>	<http://www.w3.org/2000/01/rdf-schema#subClassOf>	<http://purl.obolibrary.org/obo/UO_1000218>
<http://purl.obolibrary.org/obo/UO_0000231>	<http://www.w3.org/2000/01/rdf-schema#subClassOf>	<http://purl.obolibrary.org/obo/UO_0000000>
<http://purl.obolibrary.org/obo/UO_0000239>	<http://www.w3.org/2000/01/rdf-schema#subClassOf>	<http://purl.obolibrary.org/obo/UO_0000236>
<http://purl.obolibrary.org/obo/UO_0000200>	<http://www.w3.org/2000/01/rdf-schema#subClassOf>	<http://purl.obolibrary.org/obo/UO_0000051>
<http://purl.obolibrary.org/obo/UO_1000090>	<http://www.w3.org/2000/01/rdf-schema#subClassOf>	<http://purl.obolibrary.org/obo/UO_0000056>
<http://purl.obolibrary.org/obo/UO_0000166>	<http://www.w3.org/2000/01/rdf-schema#subClassOf>	<http://purl.obolibrary.org/obo/UO_0000186>
<http://purl.obolibrary.org/obo/UO_0010016>	<http://www.w3.org/2000/01/rdf-schema#subClassOf>	<http://purl.obolibrary.org/obo/UO_1010016>
<http://purl.obolibrary.org/obo/UO_1000075>	<http://www.w3.org/2000/01/rdf-schema#subClassOf>	<http://purl.obolibrary.org/obo/UO_0000074>
<http://purl.obolibrary.org/obo/UO_0010031>	<http://www.w3.org/2000/01/rdf-schema#subClassOf>	<http://purl.obolibrary.org/obo/UO_1010031>
<http://purl.obolibrary.org/obo/UO_1000180>	<http://www.w3.org/2000/01/rdf-schema#subClassOf>	<http://purl.obolibrary.org/obo/UO_0000051>
<http://purl.obolibrary.org/obo/UO_1010039>	<http://www.w3.org/2000/01/rdf-schema#subClassOf>	<http://purl.obolibrary.org/obo/UO_0000111>
<http://purl.obolibrary.org/obo/UO_1000210>	<http://www.w3.org/2000/01/rdf-schema#subClassOf>	<http://purl.obolibrary.org/obo/UO_0000189>
<http://purl.obolibrary.org/obo/UO_1000033>	<http://www.w3.org/2000/01/rdf-schema#subClassOf>	<http://purl.obolibrary.org/obo/UO_0000003>
<http://purl.obolibrary.org/obo/UO_0010012>	<http://www.w3.org/2000/01/rdf-schema#subClassOf>	<http://purl.obolibrary.org/obo/UO_0000045>
<http://purl.obolibrary.org/obo/UO_0000145>	<http://www.w3.org/2000/01/rdf-schema#subClassOf>	<http://purl.obolibrary.org/obo/UO_1000133>
<http://purl.obolibrary.org/obo/UO_0000002>	<http://www.w3.org/2000/01/rdf-schema#subClassOf>	<http://purl.obolibrary.org/obo/UO_0000000>
<http://purl.obolibrary.org/obo/UO_1000013>	<http://www.w3.org/2000/01/rdf-schema#subClassOf>	<http://purl.obolibrary.org/obo/UO_0000006>
<http://purl.obolibrary.org/obo/UO_0010011>	<http://www.w3.org/2000/01/rdf-schema#subClassOf>	<http://purl.obolibrary.org/obo/UO_0000045>
<http://purl.obolibrary.org/obo/UO_0000042>	<http://www.w3.org/2000/01/rdf-schema#subClassOf>	<http://purl.obolibrary.org/obo/UO_1000013>
<http://purl.obolibrary.org/obo/UO_0000161>	<http://www.w3.org/2000/01/rdf-schema#subClassOf>	<http://purl.obolibrary.org/obo/UO_0000157>
<http://purl.obolibrary.org/obo/UO_1010013>	<http://www.w3.org/2000/01/rdf-schema#subClassOf>	<http://purl.obolibrary.org/obo/UO_0000001>
<http://purl.obolibrary.org/obo/UO_0000021>	<http://www.w3.org/2000/01/rdf-schema#subClassOf>	<http://purl.obolibrary.org/obo/UO_1000021>
<http://purl.obolibrary.org/obo/UO_0000102>	<http://www.w3.org/2000/01/rdf-schema#subClassOf>	<http://purl.obolibrary.org/obo/UO_1000099>
<http://purl.obolibrary.org/obo/UO_0000271>	<http://www.w3.org/2000/01/rdf-schema#subClassOf>	<http://purl.obolibrary.org/obo/UO_0000270>
<http://purl.obolibrary.org/obo/UO_0010004>	<http://www.w3.org/2000/01/rdf-schema#subClassOf>	<http://purl.obolibrary.org/obo/UO_0000067>
<http://purl.obolibrary.org/obo/UO_1000164>	<http://www.w3.org/2000/01/rdf-schema#subClassOf>	<http://purl.obolibrary.org/obo/UO_0000187>
<http://purl.obolibrary.org/obo/UO_0000330>	<http://www.w3.org/2000/01/rdf-schema#subClassOf>	<http://purl.obolibrary.org/obo/UO_0000244>
<http://purl.obolibrary.org/obo/UO_0000020>	<http://www.w3.org/2000/01/rdf-schema#subClassOf>	<http://purl.obolibrary.org/obo/UO_1000008>
<http://purl.obolibrary.org/obo/UO_1000136>	<http://www.w3.org/2000/01/rdf-schema#subClassOf>	<http://purl.obolibrary.org/obo/UO_0000131>
<http://purl.obolibrary.org/obo/UO_0000121>	<http://www.w3.org/2000/01/rdf-schema#subClassOf>	<http://purl.obolibrary.org/obo/UO_0000000>
<http://purl.obolibrary.org/obo/UO_1000266>	<http://www.w3.org/2000/01/rdf-schema#subClassOf>	<http://purl.obolibrary.org/obo/UO_0000111>
<http://purl.obolibrary.org/obo/UO_1000100>	<http://www.w3.org/2000/01/rdf-schema#subClassOf>	<http://purl.obolibrary.org/obo/UO_0000095>
<http://purl.obolibrary.org/obo/UO_0000148>	<http://www.w3.org/2000/01/rdf-schema#subClassOf>	<http://purl.obolibrary.org/obo/UO_1000148>
<http://purl.obolibrary.org/obo/UO_0010058>	<http://www.w3.org/2000/01/rdf-schema#subClassOf>	<http://purl.obolibrary.org/obo/UO_0000111>
<http://purl.obolibrary.org/obo/UO_0010022>	<http://www.w3.org/2000/01/rdf-schema#subClassOf>	<http://purl.obolibrary.org/obo/UO_1010022>
<http://purl.obolibrary.org/obo/UO_1010023>	<http://www.w3.org/2000/01/rdf-schema#subClassOf>	<http://purl.obolibrary.org/obo/UO_0000047>
<http://purl.obolibrary.org/obo/UO_0000013>	<http://www.w3.org/2000/01/rdf-schema#subClassOf>	<http://purl.obolibrary.org/obo/UO_1000013>
<http://purl.obolibrary.org/obo/UO_1000242>	<http://www.w3.org/2000/01/rdf-schema#subClassOf>	<http://purl.obolibrary.org/obo/UO_0000239>
<http://purl.obolibrary.org/obo/UO_0000130>	<http://www.w3.org/2000/01/rdf-schema#subClassOf>	<http://purl.obolibrary.org/obo/UO_0000127>
<http://purl.obolibrary.org/obo/UO_0000010>	<http://www.w3.org/2000/01/rdf-schema#subClassOf>	<http://purl.obolibrary.org/obo/UO_1000010>
<http://purl.obolibrary.org/obo/UO_0000089>	<http://www.w3.org/2000/01/rdf-schema#subClassOf>	<http://purl.obolibrary.org/obo/UO_1000089>
<http://purl.obolibrary.org/obo/UO_0010033>	<http://www.w3.org/2000/01/rdf-schema#subClassOf>	<http://purl.obolibrary.org/obo/UO_1010033>
<http://purl.obolibrary.org/obo/UO_1010031>	<http://www.w3.org/2000/01/rdf-schema#subClassOf>	<http://purl.obolibrary.org/obo/UO_0000002>
<http://purl.obolibrary.org/obo/UO_0010039>	<http://www.w3.org/2000/01/rdf-schema#subClassOf>	<http://purl.obolibrary.org/obo/UO_1010039>
<http://purl.obolibrary.org/obo/UO_0010056>	<http://www.w3.org/2000/01/rdf-schema#subClassOf>	<http://purl.obolibrary.org/obo/UO_1000266>
<http://purl.obolibrary.org/obo/UO_1000169>	<http://www.w3.org/2000/01/rdf-schema#subClassOf>	<http://purl.obolibrary.org/obo/UO_0000166>
<http://purl.obolibrary.org/obo/UO_0000018>	<http://www.w3.org/2000/01/rdf-schema#subClassOf>	<http://purl.obolibrary.org/obo/UO_1000008>
<http://purl.obolibrary.org/obo/UO_0000204>	<http://www.w3.org/2000/01/rdf-schema#subClassOf>	<http://purl.obolibrary.org/obo/UO_1000204>
<http://purl.obolibrary.org/obo/UO_0010061>	<http://www.w3.org/2000/01/rdf-schema#subClassOf>	<http://purl.obolibrary.org/obo/UO_1010060>
<http://purl.obolibrary.org/obo/UO_1000110>	<http://www.w3.org/2000/01/rdf-schema#subClassOf>	<http://purl.obolibrary.org/obo/UO_0000109>
<http://purl.obolibrary.org/obo/UO_1000132>	<http://www.w3.org/2000/01/rdf-schema#subClassOf>	<http://purl.obolibrary.org/obo/UO_0000128>
<http://purl.obolibrary.org/obo/UO_0000243>	<http://www.w3.org/2000/01/rdf-schema#subClassOf>	<http://purl.obolibrary.org/obo/UO_1000243>
<http://purl.obolibrary.org/obo/UO_1010012>	<http://www.w3.org/2000/01/rdf-schema#subClassOf>	<http://purl.obolibrary.org/obo/UO_0000001>
<http://purl.obolibrary.org/obo/UO_0000080>	<http://www.w3.org/2000/01/rdf-schema#subClassOf>	<http://purl.obolibrary.org/obo/UO_1000080>
<http://purl.obolibrary.org/obo/UO_0000301>	<http://www.w3.org/2000/01/rdf-schema#subClassOf>	<http://purl.obolibrary.org/obo/UO_1000175>
<http://purl.obolibrary.org/obo/UO_0010037>	<http://www.w3.org/2000/01/rdf-schema#subClassOf>	<http://purl.obolibrary.org/obo/UO_1010037>
<http://purl.obolibrary.org/obo/UO_0000261>	<http://www.w3.org/2000/01/rdf-schema#subClassOf>	<http://purl.obolibrary.org/obo/UO_0000000>
<http://purl.obolibrary.org/obo/UO_1000282>	<http://www.w3.org/2000/01/rdf-schema#subClassOf>	<http://purl.obolibrary.org/obo/UO_0000280>
<http://purl.obolibrary.org/obo/UO_0000241>	<http://www.w3.org/2000/01/rdf-schema#subClassOf>	<http://purl.obolibrary.org/obo/UO_0000239>
<http://purl.obolibrary.org/obo/UO_0000129>	<http://www.w3.org/2000/01/rdf-schema#subClassOf>	<http://purl.obolibrary.org/obo/UO_0000127>
<http://purl.obolibrary.org/obo/UO_1010028>	<http://www.w3.org/2000/01/rdf-schema#subClassOf>	<http://purl.obolibrary.org/obo/UO_0000095>
<http://purl.obolibrary.org/obo/UO_0010035>	<http://www.w3.org/2000/01/rdf-schema#subClassOf>	<http://purl.obolibrary.org/obo/UO_1010035>
<http://purl.obolibrary.org/obo/UO_1000092>	<http://www.w3.org/2000/01/rdf-schema#subClassOf>	<http://purl.obolibrary.org/obo/UO_0000058>
<http://purl.obolibrary.org/obo/UO_0000062>	<http://www.w3.org/2000/01/rdf-schema#subClassOf>	<http://purl.obolibrary.org/obo/UO_1000062>
<http://purl.obolibrary.org/obo/UO_0000100>	<http://www.w3.org/2000/01/rdf-schema#subClassOf>	<http://purl.obolibrary.org/obo/UO_1000100>
<http://purl.obolibrary.org/obo/UO_0000013>	<http://www.w3.org/2000/01/rdf-schema#subClassOf>	<http://purl.obolibrary.org/obo/UO_0000045>
<http://purl.obolibrary.org/obo/UO_0000113>	<http://www.w3.org/2000/01/rdf-schema#subClassOf>	<http://purl.obolibrary.org/obo/UO_0000000>
<http://purl.obolibrary.org/obo/UO_0000040>	<http://www.w3.org/2000/01/rdf-schema#subClassOf>	<http://purl.obolibrary.org/obo/UO_1000013>
<http://purl.obolibrary.org/obo/UO_1000175>	<http://www.w3.org/2000/01/rdf-schema#subClassOf>	<http://purl.obolibrary.org/obo/UO_0000052>
<http://purl.obolibrary.org/obo/UO_0010015>	<http://www.w3.org/2000/01/rdf-schema#subClassOf>	<http://purl.obolibrary.org/obo/UO_1010015>
<http://purl.obolibrary.org/obo/UO_0000184>	<http://www.w3.org/2000/01/rdf-schema#subClassOf>	<http://purl.obolibrary.org/obo/UO_0000183>
<http://purl.obolibrary.org/obo/UO_1000034>	<http://www.w3.org/2000/01/rdf-schema#subClassOf>	<http://purl.obolibrary.org/obo/UO_0000003>
<http://purl.obolibrary.org/obo/UO_0000303>	<http://www.w3.org/2000/01/rdf-schema#subClassOf>	<http://purl.obolibrary.org/obo/UO_0000046>
<http://purl.obolibrary.org/obo/UO_1010030>	<http://www.w3.org/2000/01/rdf-schema#subClassOf>	<http://purl.obolibrary.org/obo/UO_0000095>
<http://purl.obolibrary.org/obo/UO_0010003>	<http://www.w3.org/2000/01/rdf-schema#subClassOf>	<http://purl.obolibrary.org/obo/UO_0000067>
<http://purl.obolibrary.org/obo/UO_0000087>	<http://www.w3.org/2000/01/rdf-schema#subClassOf>	<http://purl.obolibrary.org/obo/UO_1000088>
<http://purl.obolibrary.org/obo/UO_1000257>	<http://www.w3.org/2000/01/rdf-schema#subClassOf>	<http://purl.obolibrary.org/obo/UO_0000256>
<http://purl.obolibrary.org/obo/UO_0000136>	<http://www.w3.org/2000/01/rdf-schema#subClassOf>	<http://purl.obolibrary.org/obo/UO_1000136>
<http://purl.obolibrary.org/obo/UO_1010051>	<http://www.w3.org/2000/01/rdf-schema#subClassOf>	<http://purl.obolibrary.org/obo/UO_0000111>
<http://purl.obolibrary.org/obo/UO_1000215>	<http://www.w3.org/2000/01/rdf-schema#subClassOf>	<http://purl.obolibrary.org/obo/UO_0000214>
<http://purl.obolibrary.org/obo/UO_0000078>	<http://www.w3.org/2000/01/rdf-schema#subClassOf>	<http://purl.obolibrary.org/obo/UO_1000078>
<http://purl.obolibrary.org/obo/UO_0000143>	<http://www.w3.org/2000/01/rdf-schema#subClassOf>	<http://purl.obolibrary.org/obo/UO_1000134>
<http://purl.obolibrary.org/obo/UO_0000051>	<http://www.w3.org/2000/01/rdf-schema#subClassOf>	<http://purl.obolibrary.org/obo/UO_0000000>
<http://purl.obolibrary.org/obo/UO_1000094>	<http://www.w3.org/2000/01/rdf-schema#subClassOf>	<http://purl.obolibrary.org/obo/UO_0000060>
<http://purl.obolibrary.org/obo/UO_1000114>	<http://www.w3.org/2000/01/rdf-schema#subClassOf>	<http://purl.obolibrary.org/obo/UO_0000113>
<http://purl.obolibrary.org/obo/UO_0000147>	<http://www.w3.org/2000/01/rdf-schema#subClassOf>	<http://purl.obolibrary.org/obo/UO_1000147>
<http://purl.obolibrary.org/obo/UO_0000086>	<http://www.w3.org/2000/01/rdf-schema#subClassOf>	<http://purl.obolibrary.org/obo/UO_1010049>
<http://purl.obolibrary.org/obo/UO_0000313>	<http://www.w3.org/2000/01/rdf-schema#subClassOf>	<http://purl.obolibrary.org/obo/UO_1000313>
<http://purl.obolibrary.org/obo/UO_1000245>	<http://www.w3.org/2000/01/rdf-schema#subClassOf>	<http://purl.obolibrary.org/obo/UO_0000231>
<http://purl.obolibrary.org/obo/UO_1000229>	<http://www.w3.org/2000/01/rdf-schema#subClassOf>	<http://purl.obolibrary.org/obo/UO_0000225>
<http://purl.obolibrary.org/obo/UO_1000097>	<http://www.w3.org/2000/01/rdf-schema#subClassOf>	<http://purl.obolibrary.org/obo/UO_0000095>
<http://purl.obolibrary.org/obo/UO_0000070>	<http://www.w3.org/2000/01/rdf-schema#subClassOf>	<http://purl.obolibrary.org/obo/UO_1000068>
<http://purl.obolibrary.org/obo/UO_0000014>	<http://www.w3.org/2000/01/rdf-schema#subClassOf>	<http://purl.obolibrary.org/obo/UO_1000014>
<http://purl.obolibrary.org/obo/UO_0010009>	<http://www.w3.org/2000/01/rdf-schema#subClassOf>	<http://purl.obolibrary.org/obo/UO_0000002>
<http://purl.obolibrary.org/obo/UO_0000309>	<http://www.w3.org/2000/01/rdf-schema#subClassOf>	<http://purl.obolibrary.org/obo/UO_0000307>
<http://purl.obolibrary.org/obo/UO_0000285>	<http://www.w3.org/2000/01/rdf-schema#subClassOf>	<http://purl.obolibrary.org/obo/UO_1000285>
<http://purl.obolibrary.org/obo/UO_0000005>	<http://www.w3.org/2000/01/rdf-schema#subClassOf>	<http://purl.obolibrary.org/obo/UO_0000000>
<http://purl.obolibrary.org/obo/UO_0000172>	<http://www.w3.org/2000/01/rdf-schema#subClassOf>	<http://purl.obolibrary.org/obo/UO_1000172>
<http://purl.obolibrary.org/obo/UO_0000055>	<http://www.w3.org/2000/01/rdf-schema#subClassOf>	<http://purl.obolibrary.org/obo/UO_0000002>
<http://purl.obolibrary.org/obo/UO_0000201>	<http://www.w3.org/2000/01/rdf-schema#subClassOf>	<http://purl.obolibrary.org/obo/UO_1000201>
<http://purl.obolibrary.org/obo/UO_0000178>	<http://www.w3.org/2000/01/rdf-schema#subClassOf>	<http://purl.obolibrary.org/obo/UO_1000178>
<http://purl.obolibrary.org/obo/UO_0000016>	<http://www.w3.org/2000/01/rdf-schema#subClassOf>	<http://purl.obolibrary.org/obo/UO_1000008>
<http://purl.obolibrary.org/obo/UO_0000107>	<http://www.w3.org/2000/01/rdf-schema#subClassOf>	<http://purl.obolibrary.org/obo/UO_0000000>
<http://purl.obolibrary.org/obo/UO_1000147>	<http://www.w3.org/2000/01/rdf-schema#subClassOf>	<http://purl.obolibrary.org/obo/UO_0000128>
<http://purl.obolibrary.org/obo/UO_0000159>	<http://www.w3.org/2000/01/rdf-schema#subClassOf>	<http://purl.obolibrary.org/obo/UO_0000157>
<http://purl.obolibrary.org/obo/UO_1000123>	<http://www.w3.org/2000/01/rdf-schema#subClassOf>	<http://purl.obolibrary.org/obo/UO_0000122>
<http://purl.obolibrary.org/obo/UO_1000211>	<http://www.w3.org/2000/01/rdf-schema#subClassOf>	<http://purl.obolibrary.org/obo/UO_0000189>
<http://purl.obolibrary.org/obo/UO_0000177>	<http://www.w3.org/2000/01/rdf-schema#subClassOf>	<http://purl.obolibrary.org/obo/UO_0000051>
<http://purl.obolibrary.org/obo/UO_1000269>	<http://www.w3.org/2000/01/rdf-schema#subClassOf>	<http://purl.obolibrary.org/obo/UO_0000186>
<http://purl.obolibrary.org/obo/UO_0000030>	<http://www.w3.org/2000/01/rdf-schema#subClassOf>	<http://purl.obolibrary.org/obo/UO_1000010>
<http://purl.obolibrary.org/obo/UO_1010038>	<http://www.w3.org/2000/01/rdf-schema#subClassOf>	<http://purl.obolibrary.org/obo/UO_0000002>
<http://purl.obolibrary.org/obo/UO_1010021>	<http://www.w3.org/2000/01/rdf-schema#subClassOf>	<http://purl.obolibrary.org/obo/UO_0010019>
<http://purl.obolibrary.org/obo/UO_0010013>	<http://www.w3.org/2000/01/rdf-schema#subClassOf>	<http://purl.obolibrary.org/obo/UO_0000045>
<http://purl.obolibrary.org/obo/UO_0010005>	<http://www.w3.org/2000/01/rdf-schema#subClassOf>	<http://purl.obolibrary.org/obo/UO_0000060>
<http://purl.obolibrary.org/obo/UO_1000179>	<http://www.w3.org/2000/01/rdf-schema#subClassOf>	<http://purl.obolibrary.org/obo/UO_0000177>
<http://purl.obolibrary.org/obo/UO_0000060>	<http://www.w3.org/2000/01/rdf-schema#subClassOf>	<http://purl.obolibrary.org/obo/UO_0000000>
<http://purl.obolibrary.org/obo/UO_1000171>	<http://www.w3.org/2000/01/rdf-schema#subClassOf>	<http://purl.obolibrary.org/obo/UO_0000166>
<http://purl.obolibrary.org/obo/UO_0000167>	<http://www.w3.org/2000/01/rdf-schema#subClassOf>	<http://purl.obolibrary.org/obo/UO_1000167>
<http://purl.obolibrary.org/obo/UO_0000296>	<http://www.w3.org/2000/01/rdf-schema#subClassOf>	<http://purl.obolibrary.org/obo/UO_0000046>
<http://purl.obolibrary.org/obo/UO_0000270>	<http://www.w3.org/2000/01/rdf-schema#subClassOf>	<http://purl.obolibrary.org/obo/UO_0000000>
<http://purl.obolibrary.org/obo/UO_0010012>	<http://www.w3.org/2000/01/rdf-schema#subClassOf>	<http://purl.obolibrary.org/obo/UO_1010012>
<http://purl.obolibrary.org/obo/UO_0000011>	<http://www.w3.org/2000/01/rdf-schema#subClassOf>	<http://purl.obolibrary.org/obo/UO_0000045>
<http://purl.obolibrary.org/obo/UO_0010060>	<http://www.w3.org/2000/01/rdf-schema#subClassOf>	<http://purl.obolibrary.org/obo/UO_1010060>
<http://purl.obolibrary.org/obo/UO_0000047>	<http://www.w3.org/2000/01/rdf-schema#subClassOf>	<http://purl.obolibrary.org/obo/UO_0000000>
<http://purl.obolibrary.org/obo/UO_0000237>	<http://www.w3.org/2000/01/rdf-schema#subClassOf>	<http://purl.obolibrary.org/obo/UO_1000237>
<http://purl.obolibrary.org/obo/UO_1010014>	<http://www.w3.org/2000/01/rdf-schema#subClassOf>	<http://purl.obolibrary.org/obo/UO_0000001>
<http://purl.obolibrary.org/obo/UO_0000300>	<http://www.w3.org/2000/01/rdf-schema#subClassOf>	<http://purl.obolibrary.org/obo/UO_0000046>
<http://purl.obolibrary.org/obo/UO_0000098>	<http://www.w3.org/2000/01/rdf-schema#subClassOf>	<http://purl.obolibrary.org/obo/UO_1000099>
<http://purl.obolibrary.org/obo/UO_0010063>	<http://www.w3.org/2000/01/rdf-schema#subClassOf>	<http://purl.obolibrary.org/obo/UO_0000129>
<http://purl.obolibrary.org/obo/UO_0000133>	<http://www.w3.org/2000/01/rdf-schema#subClassOf>	<http://purl.obolibrary.org/obo/UO_1000133>
<http://purl.obolibrary.org/obo/UO_0000039>	<http://www.w3.org/2000/01/rdf-schema#subClassOf>	<http://purl.obolibrary.org/obo/UO_1000013>
<http://purl.obolibrary.org/obo/UO_1000264>	<http://www.w3.org/2000/01/rdf-schema#subClassOf>	<http://purl.obolibrary.org/obo/UO_0000262>
<http://purl.obolibrary.org/obo/UO_0000019>	<http://www.w3.org/2000/01/rdf-schema#subClassOf>	<http://purl.obolibrary.org/obo/UO_1000019>
<http://purl.obolibrary.org/obo/UO_0000226>	<http://www.w3.org/2000/01/rdf-schema#subClassOf>	<http://purl.obolibrary.org/obo/UO_1000226>
<http://purl.obolibrary.org/obo/UO_1000155>	<http://www.w3.org/2000/01/rdf-schema#subClassOf>	<http://purl.obolibrary.org/obo/UO_0000154>
<http://purl.obolibrary.org/obo/UO_0000196>	<http://www.w3.org/2000/01/rdf-schema#subClassOf>	<http://purl.obolibrary.org/obo/UO_1000196>
<http://purl.obolibrary.org/obo/UO_0000008>	<http://www.w3.org/2000/01/rdf-schema#subClassOf>	<http://purl.obolibrary.org/obo/UO_1000008>
<http://purl.obolibrary.org/obo/UO_0010059>	<http://www.w3.org/2000/01/rdf-schema#subClassOf>	<http://purl.obolibrary.org/obo/UO_0000111>
<http://purl.obolibrary.org/obo/UO_0000084>	<http://www.w3.org/2000/01/rdf-schema#subClassOf>	<http://purl.obolibrary.org/obo/UO_1000084>
<http://purl.obolibrary.org/obo/UO_1000197>	<http://www.w3.org/2000/01/rdf-schema#subClassOf>	<http://purl.obolibrary.org/obo/UO_0000059>
<http://purl.obolibrary.org/obo/UO_0000244>	<http://www.w3.org/2000/01/rdf-schema#subClassOf>	<http://purl.obolibrary.org/obo/UO_1000244>
<http://purl.obolibrary.org/obo/UO_0000164>	<http://www.w3.org/2000/01/rdf-schema#subClassOf>	<http://purl.obolibrary.org/obo/UO_1000164>
<http://purl.obolibrary.org/obo/UO_1010027>	<http://www.w3.org/2000/01/rdf-schema#subClassOf>	<http://purl.obolibrary.org/obo/UO_0000095>
<http://purl.obolibrary.org/obo/UO_1010032>	<http://www.w3.org/2000/01/rdf-schema#subClassOf>	<http://purl.obolibrary.org/obo/UO_0000002>
<http://purl.obolibrary.org/obo/UO_0010002>	<http://www.w3.org/2000/01/rdf-schema#subClassOf>	<http://purl.obolibrary.org/obo/UO_1000264>
<http://purl.obolibrary.org/obo/UO_1000170>	<http://www.w3.org/2000/01/rdf-schema#subClassOf>	<http://purl.obolibrary.org/obo/UO_0000166>
<http://purl.obolibrary.org/obo/UO_0000169>	<http://www.w3.org/2000/01/rdf-schema#subClassOf>	<http://purl.obolibrary.org/obo/UO_1000169>
<http://purl.obolibrary.org/obo/UO_0000233>	<http://www.w3.org/2000/01/rdf-schema#subClassOf>	<http://purl.obolibrary.org/obo/UO_1000233>
<http://purl.obolibrary.org/obo/UO_0000210>	<http://www.w3.org/2000/01/rdf-schema#subClassOf>	<http://purl.obolibrary.org/obo/UO_1000210>
<http://purl.obolibrary.org/obo/UO_0000176>	<http://www.w3.org/2000/01/rdf-schema#subClassOf>	<http://purl.obolibrary.org/obo/UO_1000175>
<http://purl.obolibrary.org/obo/UO_0000008>	<http://www.w3.org/2000/01/rdf-schema#subClassOf>	<http://purl.obolibrary.org/obo/UO_0000045>
<http://purl.obolibrary.org/obo/UO_1000089>	<http://www.w3.org/2000/01/rdf-schema#subClassOf>	<http://purl.obolibrary.org/obo/UO_0000056>
<http://purl.obolibrary.org/obo/UO_0000022>	<http://www.w3.org/2000/01/rdf-schema#subClassOf>	<http://purl.obolibrary.org/obo/UO_1000021>
<http://purl.obolibrary.org/obo/UO_0000103>	<http://www.w3.org/2000/01/rdf-schema#subClassOf>	<http://purl.obolibrary.org/obo/UO_1000099>
<http://purl.obolibrary.org/obo/UO_0000116>	<http://www.w3.org/2000/01/rdf-schema#subClassOf>	<http://purl.obolibrary.org/obo/UO_1000116>
<http://purl.obolibrary.org/obo/UO_1000140>	<http://www.w3.org/2000/01/rdf-schema#subClassOf>	<http://purl.obolibrary.org/obo/UO_0000130>
<http://purl.obolibrary.org/obo/UO_0000327>	<http://www.w3.org/2000/01/rdf-schema#subClassOf>	<http://purl.obolibrary.org/obo/UO_0000001>
<http://purl.obolibrary.org/obo/UO_0000083>	<http://www.w3.org/2000/01/rdf-schema#subClassOf>	<http://purl.obolibrary.org/obo/UO_0000052>
<http://purl.obolibrary.org/obo/UO_0000168>	<http://www.w3.org/2000/01/rdf-schema#subClassOf>	<http://purl.obolibrary.org/obo/UO_1000168>
<http://purl.obolibrary.org/obo/UO_0000299>	<http://www.w3.org/2000/01/rdf-schema#subClassOf>	<http://purl.obolibrary.org/obo/UO_0000046>
<http://purl.obolibrary.org/obo/UO_0000053>	<http://www.w3.org/2000/01/rdf-schema#subClassOf>	<http://purl.obolibrary.org/obo/UO_0000157>
<http://purl.obolibrary.org/obo/UO_0000034>	<http://www.w3.org/2000/01/rdf-schema#subClassOf>	<http://purl.obolibrary.org/obo/UO_1000034>
<http://purl.obolibrary.org/obo/UO_1000220>	<http://www.w3.org/2000/01/rdf-schema#subClassOf>	<http://purl.obolibrary.org/obo/UO_0000219>
<http://purl.obolibrary.org/obo/UO_1000281>	<http://www.w3.org/2000/01/rdf-schema#subClassOf>	<http://purl.obolibrary.org/obo/UO_0000280>
<http://purl.obolibrary.org/obo/UO_0000183>	<http://www.w3.org/2000/01/rdf-schema#subClassOf>	<http://purl.obolibrary.org/obo/UO_0000182>
<http://purl.obolibrary.org/obo/UO_1000216>	<http://www.w3.org/2000/01/rdf-schema#subClassOf>	<http://purl.obolibrary.org/obo/UO_0000128>
<http://purl.obolibrary.org/obo/UO_1010024>	<http://www.w3.org/2000/01/rdf-schema#subClassOf>	<http://purl.obolibrary.org/obo/UO_0000047>
<http://purl.obolibrary.org/obo/UO_0000325>	<http://www.w3.org/2000/01/rdf-schema#subClassOf>	<http://purl.obolibrary.org/obo/UO_0000105>
<http://purl.obolibrary.org/obo/UO_0000246>	<http://www.w3.org/2000/01/rdf-schema#subClassOf>	<http://purl.obolibrary.org/obo/UO_1000246>
<http://purl.obolibrary.org/obo/UO_1000203>	<http://www.w3.org/2000/01/rdf-schema#subClassOf>	<http://purl.obolibrary.org/obo/UO_0000202>
<http://purl.obolibrary.org/obo/UO_0010030>	<http://www.w3.org/2000/01/rdf-schema#subClassOf>	<http://purl.obolibrary.org/obo/UO_1010030>
<http://purl.obolibrary.org/obo/UO_1000196>	<http://www.w3.org/2000/01/rdf-schema#subClassOf>	<http://purl.obolibrary.org/obo/UO_0000051>
<http://purl.obolibrary.org/obo/UO_0000054>	<http://www.w3.org/2000/01/rdf-schema#subClassOf>	<http://purl.obolibrary.org/obo/UO_0000182>
<http://purl.obolibrary.org/obo/UO_0000077>	<http://www.w3.org/2000/01/rdf-schema#subClassOf>	<http://purl.obolibrary.org/obo/UO_1000077>
<http://purl.obolibrary.org/obo/UO_0000150>	<http://www.w3.org/2000/01/rdf-schema#subClassOf>	<http://purl.obolibrary.org/obo/UO_1000010>
<http://purl.obolibrary.org/obo/UO_0000097>	<http://www.w3.org/2000/01/rdf-schema#subClassOf>	<http://purl.obolibrary.org/obo/UO_1000097>
<http://purl.obolibrary.org/obo/UO_0000152>	<http://www.w3.org/2000/01/rdf-schema#subClassOf>	<http://purl.obolibrary.org/obo/UO_1000152>
<http://purl.obolibrary.org/obo/UO_0000220>	<http://www.w3.org/2000/01/rdf-schema#subClassOf>	<http://purl.obolibrary.org/obo/UO_1000220>
<http://purl.obolibrary.org/obo/UO_0000014>	<http://www.w3.org/2000/01/rdf-schema#subClassOf>	<http://purl.obolibrary.org/obo/UO_0000045>
<http://purl.obolibrary.org/obo/UO_0010018>	<http://www.w3.org/2000/01/rdf-schema#subClassOf>	<http://purl.obolibrary.org/obo/UO_1010018>
<http://purl.obolibrary.org/obo/UO_1000116>	<http://www.w3.org/2000/01/rdf-schema#subClassOf>	<http://purl.obolibrary.org/obo/UO_0000115>
<http://purl.obolibrary.org/obo/UO_1010025>	<http://www.w3.org/2000/01/rdf-schema#subClassOf>	<http://purl.obolibrary.org/obo/UO_0000047>
<http://purl.obolibrary.org/obo/UO_1000035>	<http://www.w3.org/2000/01/rdf-schema#subClassOf>	<http://purl.obolibrary.org/obo/UO_0000003>
<http://purl.obolibrary.org/obo/UO_0000304>	<http://www.w3.org/2000/01/rdf-schema#subClassOf>	<http://purl.obolibrary.org/obo/UO_0000046>
<http://purl.obolibrary.org/obo/UO_0000162>	<http://www.w3.org/2000/01/rdf-schema#subClassOf>	<http://purl.obolibrary.org/obo/UO_1000162>
<http://purl.obolibrary.org/obo/UO_0000118>	<http://www.w3.org/2000/01/rdf-schema#subClassOf>	<http://purl.obolibrary.org/obo/UO_1000118>
<http://purl.obolibrary.org/obo/UO_1000195>	<http://www.w3.org/2000/01/rdf-schema#subClassOf>	<http://purl.obolibrary.org/obo/UO_0000005>
<http://purl.obolibrary.org/obo/UO_1000031>	<http://www.w3.org/2000/01/rdf-schema#subClassOf>	<http://purl.obolibrary.org/obo/UO_0000003>
<http://purl.obolibrary.org/obo/UO_1000093>	<http://www.w3.org/2000/01/rdf-schema#subClassOf>	<http://purl.obolibrary.org/obo/UO_0000059>
<http://purl.obolibrary.org/obo/UO_0000283>	<http://www.w3.org/2000/01/rdf-schema#subClassOf>	<http://purl.obolibrary.org/obo/UO_0000054>
<http://purl.obolibrary.org/obo/UO_0000293>	<http://www.w3.org/2000/01/rdf-schema#subClassOf>	<http://purl.obolibrary.org/obo/UO_0000046>
<http://purl.obolibrary.org/obo/UO_0000153>	<http://www.w3.org/2000/01/rdf-schema#subClassOf>	<http://purl.obolibrary.org/obo/UO_1000153>
<http://purl.obolibrary.org/obo/UO_1000208>	<http://www.w3.org/2000/01/rdf-schema#subClassOf>	<http://purl.obolibrary.org/obo/UO_0000052>
<http://purl.obolibrary.org/obo/UO_0000036>	<http://www.w3.org/2000/01/rdf-schema#subClassOf>	<http://purl.obolibrary.org/obo/UO_1000036>
<http://purl.obolibrary.org/obo/UO_1000078>	<http://www.w3.org/2000/01/rdf-schema#subClassOf>	<http://purl.obolibrary.org/obo/UO_0000050>
<http://purl.obolibrary.org/obo/UO_0010029>	<http://www.w3.org/2000/01/rdf-schema#subClassOf>	<http://purl.obolibrary.org/obo/UO_1010029>
<http://purl.obolibrary.org/obo/UO_1010016>	<http://www.w3.org/2000/01/rdf-schema#subClassOf>	<http://purl.obolibrary.org/obo/UO_0000001>
<http://purl.obolibrary.org/obo/UO_0000240>	<http://www.w3.org/2000/01/rdf-schema#subClassOf>	<http://purl.obolibrary.org/obo/UO_1000240>
<http://purl.obolibrary.org/obo/UO_1000096>	<http://www.w3.org/2000/01/rdf-schema#subClassOf>	<http://purl.obolibrary.org/obo/UO_0000095>
<http://purl.obolibrary.org/obo/UO_0010032>	<http://www.w3.org/2000/01/rdf-schema#subClassOf>	<http://purl.obolibrary.org/obo/UO_1010032>
<http://purl.obolibrary.org/obo/UO_0000058>	<http://www.w3.org/2000/01/rdf-schema#subClassOf>	<http://purl.obolibrary.org/obo/UO_0000105>
<http://purl.obolibrary.org/obo/UO_0000266>	<http://www.w3.org/2000/01/rdf-schema#subClassOf>	<http://purl.obolibrary.org/obo/UO_1000266>
<http://purl.obolibrary.org/obo/UO_0000134>	<http://www.w3.org/2000/01/rdf-schema#subClassOf>	<http://purl.obolibrary.org/obo/UO_1000134>
<http://purl.obolibrary.org/obo/UO_0000127>	<http://www.w3.org/2000/01/rdf-schema#subClassOf>	<http://purl.obolibrary.org/obo/UO_0000000>
<http://purl.obolibrary.org/obo/UO_0000229>	<http://www.w3.org/2000/01/rdf-schema#subClassOf>	<http://purl.obolibrary.org/obo/UO_1000229>
<http://purl.obolibrary.org/obo/UO_1000254>	<http://www.w3.org/2000/01/rdf-schema#subClassOf>	<http://purl.obolibrary.org/obo/UO_0000253>
<http://purl.obolibrary.org/obo/UO_0000124>	<http://www.w3.org/2000/01/rdf-schema#subClassOf>	<http://purl.obolibrary.org/obo/UO_0000121>
<http://purl.obolibrary.org/obo/UO_0000223>	<http://www.w3.org/2000/01/rdf-schema#subClassOf>	<http://purl.obolibrary.org/obo/UO_1000223>
<http://purl.obolibrary.org/obo/UO_0000015>	<http://www.w3.org/2000/01/rdf-schema#subClassOf>	<http://purl.obolibrary.org/obo/UO_1000008>
<http://purl.obolibrary.org/obo/UO_0000187>	<http://www.w3.org/2000/01/rdf-schema#subClassOf>	<http://purl.obolibrary.org/obo/UO_0000190>
<http://purl.obolibrary.org/obo/UO_0000117>	<http://www.w3.org/2000/01/rdf-schema#subClassOf>	<http://purl.obolibrary.org/obo/UO_0000157>
<http://purl.obolibrary.org/obo/UO_0010049>	<http://www.w3.org/2000/01/rdf-schema#subClassOf>	<http://purl.obolibrary.org/obo/UO_1010049>
<http://purl.obolibrary.org/obo/UO_0010028>	<http://www.w3.org/2000/01/rdf-schema#subClassOf>	<http://purl.obolibrary.org/obo/UO_1010028>
<http://purl.obolibrary.org/obo/UO_0000213>	<http://www.w3.org/2000/01/rdf-schema#subClassOf>	<http://purl.obolibrary.org/obo/UO_1000213>
<http://purl.obolibrary.org/obo/UO_0000088>	<http://www.w3.org/2000/01/rdf-schema#subClassOf>	<http://purl.obolibrary.org/obo/UO_1000088>
<http://purl.obolibrary.org/obo/UO_0000265>	<http://www.w3.org/2000/01/rdf-schema#subClassOf>	<http://purl.obolibrary.org/obo/UO_1000265>
<http://purl.obolibrary.org/obo/UO_0000075>	<http://www.w3.org/2000/01/rdf-schema#subClassOf>	<http://purl.obolibrary.org/obo/UO_1000075>
<http://purl.obolibrary.org/obo/UO_1000172>	<http://www.w3.org/2000/01/rdf-schema#subClassOf>	<http://purl.obolibrary.org/obo/UO_0000166>
<http://purl.obolibrary.org/obo/UO_1000167>	<http://www.w3.org/2000/01/rdf-schema#subClassOf>	<http://purl.obolibrary.org/obo/UO_0000166>
<http://purl.obolibrary.org/obo/UO_0000091>	<http://www.w3.org/2000/01/rdf-schema#subClassOf>	<http://purl.obolibrary.org/obo/UO_0000057>
<http://purl.obolibrary.org/obo/UO_0000173>	<http://www.w3.org/2000/01/rdf-schema#subClassOf>	<http://purl.obolibrary.org/obo/UO_1000173>
<http://purl.obolibrary.org/obo/UO_0000191>	<http://www.w3.org/2000/01/rdf-schema#subClassOf>	<http://purl.obolibrary.org/obo/UO_0000190>
<http://purl.obolibrary.org/obo/UO_1000076>	<http://www.w3.org/2000/01/rdf-schema#subClassOf>	<http://purl.obolibrary.org/obo/UO_0000051>
<http://purl.obolibrary.org/obo/UO_0000012>	<http://www.w3.org/2000/01/rdf-schema#subClassOf>	<http://purl.obolibrary.org/obo/UO_0000045>
<http://purl.obolibrary.org/obo/UO_1000237>	<http://www.w3.org/2000/01/rdf-schema#subClassOf>	<http://purl.obolibrary.org/obo/UO_0000236>
<http://purl.obolibrary.org/obo/UO_0000262>	<http://www.w3.org/2000/01/rdf-schema#subClassOf>	<http://purl.obolibrary.org/obo/UO_0000261>
<http://purl.obolibrary.org/obo/UO_0000242>	<http://www.w3.org/2000/01/rdf-schema#subClassOf>	<http://purl.obolibrary.org/obo/UO_1000242>
<http://purl.obolibrary.org/obo/UO_1000011>	<http://www.w3.org/2000/01/rdf-schema#subClassOf>	<http://purl.obolibrary.org/obo/UO_0000004>
<http://purl.obolibrary.org/obo/UO_0000110>	<http://www.w3.org/2000/01/rdf-schema#subClassOf>	<http://purl.obolibrary.org/obo/UO_1000110>
<http://purl.obolibrary.org/obo/UO_1000021>	<http://www.w3.org/2000/01/rdf-schema#subClassOf>	<http://purl.obolibrary.org/obo/UO_0000002>
<http://purl.obolibrary.org/obo/UO_0000011>	<http://www.w3.org/2000/01/rdf-schema#subClassOf>	<http://purl.obolibrary.org/obo/UO_1000011>
<http://purl.obolibrary.org/obo/UO_0000085>	<http://www.w3.org/2000/01/rdf-schema#subClassOf>	<http://purl.obolibrary.org/obo/UO_1000085>
<http://purl.obolibrary.org/obo/UO_0000186>	<http://www.w3.org/2000/01/rdf-schema#subClassOf>	<http://purl.obolibrary.org/obo/UO_0000000>
<http://purl.obolibrary.org/obo/UO_0000205>	<http://www.w3.org/2000/01/rdf-schema#subClassOf>	<http://purl.obolibrary.org/obo/UO_0000051>
<http://purl.obolibrary.org/obo/UO_0000227>	<http://www.w3.org/2000/01/rdf-schema#subClassOf>	<http://purl.obolibrary.org/obo/UO_0000000>
<http://purl.obolibrary.org/obo/UO_0000188>	<http://www.w3.org/2000/01/rdf-schema#subClassOf>	<http://purl.obolibrary.org/obo/UO_1000188>
<http://purl.obolibrary.org/obo/UO_1000218>	<http://www.w3.org/2000/01/rdf-schema#subClassOf>	<http://purl.obolibrary.org/obo/UO_0000217>
<http://purl.obolibrary.org/obo/UO_0000137>	<http://www.w3.org/2000/01/rdf-schema#subClassOf>	<http://purl.obolibrary.org/obo/UO_1000137>
<http://purl.obolibrary.org/obo/UO_0000282>	<http://www.w3.org/2000/01/rdf-schema#subClassOf>	<http://purl.obolibrary.org/obo/UO_1000282>
<http://purl.obolibrary.org/obo/UO_0000151>	<http://www.w3.org/2000/01/rdf-schema#subClassOf>	<http://purl.obolibrary.org/obo/UO_1000151>
<http://purl.obolibrary.org/obo/UO_1000156>	<http://www.w3.org/2000/01/rdf-schema#subClassOf>	<http://purl.obolibrary.org/obo/UO_0000154>
<http://purl.obolibrary.org/obo/UO_1000112>	<http://www.w3.org/2000/01/rdf-schema#subClassOf>	<http://purl.obolibrary.org/obo/UO_0000111>
<http://purl.obolibrary.org/obo/UO_1000188>	<http://www.w3.org/2000/01/rdf-schema#subClassOf>	<http://purl.obolibrary.org/obo/UO_0000186>
<http://purl.obolibrary.org/obo/UO_0000108>	<http://www.w3.org/2000/01/rdf-schema#subClassOf>	<http://purl.obolibrary.org/obo/UO_1000108>
<http://purl.obolibrary.org/obo/UO_0010019>	<http://www.w3.org/2000/01/rdf-schema#subClassOf>	<http://purl.obolibrary.org/obo/UO_1010019>
<http://purl.obolibrary.org/obo/UO_0000035>	<http://www.w3.org/2000/01/rdf-schema#subClassOf>	<http://purl.obolibrary.org/obo/UO_1000035>
<http://purl.obolibrary.org/obo/UO_1000088>	<http://www.w3.org/2000/01/rdf-schema#subClassOf>	<http://purl.obolibrary.org/obo/UO_0000055>
<http://purl.obolibrary.org/obo/UO_0000025>	<http://www.w3.org/2000/01/rdf-schema#subClassOf>	<http://purl.obolibrary.org/obo/UO_1000021>
<http://purl.obolibrary.org/obo/UO_1000099>	<http://www.w3.org/2000/01/rdf-schema#subClassOf>	<http://purl.obolibrary.org/obo/UO_0000095>
<http://purl.obolibrary.org/obo/UO_0000182>	<http://www.w3.org/2000/01/rdf-schema#subClassOf>	<http://purl.obolibrary.org/obo/UO_0000000>
<http://purl.obolibrary.org/obo/UO_0000216>	<http://www.w3.org/2000/01/rdf-schema#subClassOf>	<http://purl.obolibrary.org/obo/UO_1000216>
<http://purl.obolibrary.org/obo/UO_1010026>	<http://www.w3.org/2000/01/rdf-schema#subClassOf>	<http://purl.obolibrary.org/obo/UO_0000095>
<http://purl.obolibrary.org/obo/UO_0000074>	<http://www.w3.org/2000/01/rdf-schema#subClassOf>	<http://purl.obolibrary.org/obo/UO_0000051>
<http://purl.obolibrary.org/obo/UO_0000214>	<http://www.w3.org/2000/01/rdf-schema#subClassOf>	<http://purl.obolibrary.org/obo/UO_0000051>
<http://purl.obolibrary.org/obo/UO_0000037>	<http://www.w3.org/2000/01/rdf-schema#subClassOf>	<http://purl.obolibrary.org/obo/UO_1000011>
<http://purl.obolibrary.org/obo/UO_0000093>	<http://www.w3.org/2000/01/rdf-schema#subClassOf>	<http://purl.obolibrary.org/obo/UO_1000093>
<http://purl.obolibrary.org/obo/UO_0000260>	<http://www.w3.org/2000/01/rdf-schema#subClassOf>	<http://purl.obolibrary.org/obo/UO_1000260>
<http://purl.obolibrary.org/obo/UO_0000139>	<http://www.w3.org/2000/01/rdf-schema#subClassOf>	<http://purl.obolibrary.org/obo/UO_1000137>
<http://purl.obolibrary.org/obo/UO_0000234>	<http://www.w3.org/2000/01/rdf-schema#subClassOf>	<http://purl.obolibrary.org/obo/UO_1000233>
<http://purl.obolibrary.org/obo/UO_0000119>	<http://www.w3.org/2000/01/rdf-schema#subClassOf>	<http://purl.obolibrary.org/obo/UO_0000000>
<http://purl.obolibrary.org/obo/UO_0000048>	<http://www.w3.org/2000/01/rdf-schema#subClassOf>	<http://purl.obolibrary.org/obo/UO_0000000>
<http://purl.obolibrary.org/obo/UO_0000007>	<http://www.w3.org/2000/01/rdf-schema#subClassOf>	<http://purl.obolibrary.org/obo/UO_0000157>
<http://purl.obolibrary.org/obo/UO_0000009>	<http://www.w3.org/2000/01/rdf-schema#subClassOf>	<http://purl.obolibrary.org/obo/UO_0000045>
<http://purl.obolibrary.org/obo/UO_0000111>	<http://www.w3.org/2000/01/rdf-schema#subClassOf>	<http://purl.obolibrary.org/obo/UO_0000000>
<http://purl.obolibrary.org/obo/UO_0010020>	<http://www.w3.org/2000/01/rdf-schema#subClassOf>	<http://purl.obolibrary.org/obo/UO_1010020>
<http://purl.obolibrary.org/obo/UO_1000151>	<http://www.w3.org/2000/01/rdf-schema#subClassOf>	<http://purl.obolibrary.org/obo/UO_0000003>
<http://purl.obolibrary.org/obo/UO_1000173>	<http://www.w3.org/2000/01/rdf-schema#subClassOf>	<http://purl.obolibrary.org/obo/UO_0000052>
<http://purl.obolibrary.org/obo/UO_0010048>	<http://www.w3.org/2000/01/rdf-schema#subClassOf>	<http://purl.obolibrary.org/obo/UO_1000013>
<http://purl.obolibrary.org/obo/UO_1000148>	<http://www.w3.org/2000/01/rdf-schema#subClassOf>	<http://purl.obolibrary.org/obo/UO_0000128>
<http://purl.obolibrary.org/obo/UO_0000189>	<http://www.w3.org/2000/01/rdf-schema#subClassOf>	<http://purl.obolibrary.org/obo/UO_0000186>
<http://purl.obolibrary.org/obo/UO_1010035>	<http://www.w3.org/2000/01/rdf-schema#subClassOf>	<http://purl.obolibrary.org/obo/UO_0000002>
<http://purl.obolibrary.org/obo/UO_0010017>	<http://www.w3.org/2000/01/rdf-schema#subClassOf>	<http://purl.obolibrary.org/obo/UO_0000045>
<http://purl.obolibrary.org/obo/UO_0000138>	<http://www.w3.org/2000/01/rdf-schema#subClassOf>	<http://purl.obolibrary.org/obo/UO_1000137>
<http://purl.obolibrary.org/obo/UO_0000135>	<http://www.w3.org/2000/01/rdf-schema#subClassOf>	<http://purl.obolibrary.org/obo/UO_1000135>
<http://purl.obolibrary.org/obo/UO_0000141>	<http://www.w3.org/2000/01/rdf-schema#subClassOf>	<http://purl.obolibrary.org/obo/UO_1000134>
<http://purl.obolibrary.org/obo/UO_0010067>	<http://www.w3.org/2000/01/rdf-schema#subClassOf>	<http://purl.obolibrary.org/obo/UO_1000208>
<http://purl.obolibrary.org/obo/UO_0000311>	<http://www.w3.org/2000/01/rdf-schema#subClassOf>	<http://purl.obolibrary.org/obo/UO_0000310>
<http://purl.obolibrary.org/obo/UO_0000101>	<http://www.w3.org/2000/01/rdf-schema#subClassOf>	<http://purl.obolibrary.org/obo/UO_1000099>
<http://purl.obolibrary.org/obo/BFO_0000019>	<http://www.w3.org/2000/01/rdf-schema#subClassOf>	<http://purl.obolibrary.org/obo/BFO_0000020>
<http://purl.obolibrary.org/obo/BFO_0000031>	<http://www.w3.org/2000/01/rdf-schema#subClassOf>	<http://purl.obolibrary.org/obo/BFO_0000002>
<http://purl.obolibrary.org/obo/BFO_0000034>	<http://www.w3.org/2000/01/rdf-schema#subClassOf>	<http://purl.obolibrary.org/obo/BFO_0000016>
<http://purl.obolibrary.org/obo/BFO_0000016>	<http://www.w3.org/2000/01/rdf-schema#subClassOf>	<http://purl.obolibrary.org/obo/BFO_0000017>
<http://purl.obolibrary.org/obo/IAO_0000030>	<http://www.w3.org/2000/01/rdf-schema#subClassOf>	<http://purl.obolibrary.org/obo/BFO_0000031>
<http://purl.obolibrary.org/obo/BFO_0000023>	<http://www.w3.org/2000/01/rdf-schema#subClassOf>	<http://purl.obolibrary.org/obo/BFO_0000017>
<http://purl.obolibrary.org/obo/BFO_0000004>	<http://www.w3.org/2000/01/rdf-schema#subClassOf>	<http://purl.obolibrary.org/obo/BFO_0000002>
<http://purl.obolibrary.org/obo/IAO_0000102>	<http://www.w3.org/2000/01/rdf-schema#subClassOf>	<http://purl.obolibrary.org/obo/IAO_0000027>
<http://purl.obolibrary.org/obo/BFO_0000002>	<http://www.w3.org/2000/01/rdf-schema#subClassOf>	<http://purl.obolibrary.org/obo/BFO_0000001>
<http://purl.obolibrary.org/obo/BFO_0000020>	<http://www.w3.org/2000/01/rdf-schema#subClassOf>	<http://purl.obolibrary.org/obo/BFO_0000002>
<http://purl.obolibrary.org/obo/IAO_0000027>	<http://www.w3.org/2000/01/rdf-schema#subClassOf>	<http://purl.obolibrary.org/obo/IAO_0000030>
<http://purl.obolibrary.org/obo/BFO_0000017>	<http://www.w3.org/2000/01/rdf-schema#subClassOf>	<http://purl.obolibrary.org/obo/BFO_0000020>
<http://purl.obolibrary.org/obo/IAO_0000409>	<http://www.w3.org/2000/01/rdf-schema#subClassOf>	<http://purl.obolibrary.org/obo/IAO_0000102>
<http://purl.obolibrary.org/obo/IAO_0000225>	<http://www.w3.org/2000/01/rdf-schema#subClassOf>	<http://purl.obolibrary.org/obo/IAO_0000102>
<http://purl.obolibrary.org/obo/IAO_0000078>	<http://www.w3.org/2000/01/rdf-schema#subClassOf>	<http://purl.obolibrary.org/obo/IAO_0000102>
