?cls	?pred	?val	?synType
<http://purl.obolibrary.org/obo/UO_0000094>	<http://www.w3.org/2000/01/rdf-schema#label>	"meter per second"	
<http://purl.obolibrary.org/obo/UO_0000051>	<http://www.w3.org/2000/01/rdf-schema#label>	"concentration unit"	
<http://purl.obolibrary.org/obo/UO_1000094>	<http://www.w3.org/2000/01/rdf-schema#label>	"meter per second based unit"	
<http://purl.obolibrary.org/obo/UO_1000062>	<http://www.w3.org/2000/01/rdf-schema#label>	"molar based unit"	
<http://purl.obolibrary.org/obo/UO_1000019>	<http://www.w3.org/2000/01/rdf-schema#label>	"angstrom based unit"	
<http://purl.obolibrary.org/obo/UO_0000030>	<http://www.w3.org/2000/01/rdf-schema#label>	"picosecond"	
<http://purl.obolibrary.org/obo/UO_1000010>	<http://www.w3.org/2000/01/rdf-schema#label>	"second based unit"	
<http://purl.obolibrary.org/obo/UO_0000150>	<http://www.w3.org/2000/01/rdf-schema#label>	"nanosecond"	
<http://purl.obolibrary.org/obo/UO_0000063>	<http://www.w3.org/2000/01/rdf-schema#label>	"millimolar"	
<http://purl.obolibrary.org/obo/UO_0000060>	<http://www.w3.org/2000/01/rdf-schema#label>	"speed/velocity unit"	
<http://purl.obolibrary.org/obo/UO_0000001>	<http://www.w3.org/2000/01/rdf-schema#label>	"length unit"	
<http://purl.obolibrary.org/obo/UO_0000061>	<http://www.w3.org/2000/01/rdf-schema#label>	"unit of molarity"	
<http://purl.obolibrary.org/obo/UO_0000003>	<http://www.w3.org/2000/01/rdf-schema#label>	"time unit"	
<http://purl.obolibrary.org/obo/UO_0000000>	<http://www.w3.org/2000/01/rdf-schema#label>	"unit"	
<http://purl.obolibrary.org/obo/UO_0000019>	<http://www.w3.org/2000/01/rdf-schema#label>	"angstrom"	
<http://purl.obolibrary.org/obo/MOLSIM_000205>	<http://www.w3.org/2000/01/rdf-schema#label>	"ABM1BCC"@en	
<http://purl.obolibrary.org/obo/MOLSIM_000075>	<http://www.w3.org/2000/01/rdf-schema#label>	"Tanimoto combo score"@en	
<http://purl.obolibrary.org/obo/MOLSIM_000091>	<http://www.w3.org/2000/01/rdf-schema#label>	"A* search algorithm"@en	
<http://purl.obolibrary.org/obo/MOLSIM_000465>	<http://www.w3.org/2000/01/rdf-schema#label>	"NModelGB"@en	
<http://purl.obolibrary.org/obo/MOLSIM_000002>	<http://www.w3.org/2000/01/rdf-schema#label>	"preparation"@en	
<http://purl.obolibrary.org/obo/MOLSIM_000219>	<http://www.w3.org/2000/01/rdf-schema#label>	"amber.sh"@en	
<http://purl.obolibrary.org/obo/MOLSIM_000299>	<http://www.w3.org/2000/01/rdf-schema#label>	"thermodynamic integration with linear extrapolation"@en	
<http://purl.obolibrary.org/obo/MOLSIM_000188>	<http://www.w3.org/2000/01/rdf-schema#label>	"cation-π interactions"@en	
<http://purl.obolibrary.org/obo/MOLSIM_000262>	<http://www.w3.org/2000/01/rdf-schema#label>	"molecular mechanics Poisson Boltzmann surface area"@en	
<http://purl.obolibrary.org/obo/MOLSIM_000462>	<http://www.w3.org/2000/01/rdf-schema#label>	"molecular mechanics generalized Born surface area tool"@en	
<http://purl.obolibrary.org/obo/MOLSIM_000221>	<http://www.w3.org/2000/01/rdf-schema#label>	"PDB2PQR"@en	
<http://purl.obolibrary.org/obo/MOLSIM_000351>	<http://www.w3.org/2000/01/rdf-schema#label>	"similarity and divergence measures"@en	
<http://purl.obolibrary.org/obo/MOLSIM_000248>	<http://www.w3.org/2000/01/rdf-schema#label>	"CHARMM"@en	
<http://purl.obolibrary.org/obo/MOLSIM_000279>	<http://www.w3.org/2000/01/rdf-schema#label>	"1 trajectory approach"@en	
<http://purl.obolibrary.org/obo/MOLSIM_000137>	<http://www.w3.org/2000/01/rdf-schema#label>	"hysteresis"@en	
<http://purl.obolibrary.org/obo/MOLSIM_000031>	<http://www.w3.org/2000/01/rdf-schema#label>	"optimal point charges"@en	
<http://purl.obolibrary.org/obo/MOLSIM_000257>	<http://www.w3.org/2000/01/rdf-schema#label>	"molecular mechanics software"@en	
<http://purl.obolibrary.org/obo/MOLSIM_000291>	<http://www.w3.org/2000/01/rdf-schema#label>	"1-step soft-core approach"@en	
<http://purl.obolibrary.org/obo/MOLSIM_000120>	<http://www.w3.org/2000/01/rdf-schema#label>	"dimensionality reduction technique"@en	
<http://purl.obolibrary.org/obo/MOLSIM_000300>	<http://www.w3.org/2000/01/rdf-schema#label>	"free energy and molecular dynamics specific method"@en	
<http://purl.obolibrary.org/obo/MOLSIM_000180>	<http://www.w3.org/2000/01/rdf-schema#label>	"Quantum ESPRESSO"@en	
<http://purl.obolibrary.org/obo/MOLSIM_000228>	<http://www.w3.org/2000/01/rdf-schema#label>	"memembed"@en	
<http://purl.obolibrary.org/obo/MOLSIM_000096>	<http://www.w3.org/2000/01/rdf-schema#label>	"network flow algorithm"@en	
<http://purl.obolibrary.org/obo/MOLSIM_000271>	<http://www.w3.org/2000/01/rdf-schema#label>	"generalized Born surface area"@en	
<http://purl.obolibrary.org/obo/MOLSIM_000289>	<http://www.w3.org/2000/01/rdf-schema#label>	"dual-topology approach"@en	
<http://purl.obolibrary.org/obo/MOLSIM_000134>	<http://www.w3.org/2000/01/rdf-schema#label>	"bootstrapped error estimates"@en	
<http://purl.obolibrary.org/obo/MOLSIM_000238>	<http://www.w3.org/2000/01/rdf-schema#label>	"trajectory approach"@en	
<http://purl.obolibrary.org/obo/MOLSIM_000495>	<http://www.w3.org/2000/01/rdf-schema#label>	"parse radii"@en	
<http://purl.obolibrary.org/obo/MOLSIM_000281>	<http://www.w3.org/2000/01/rdf-schema#label>	"thermodynamic integration similarity calculation tool"@en	
<http://purl.obolibrary.org/obo/MOLSIM_000163>	<http://www.w3.org/2000/01/rdf-schema#label>	"visualization tool"@en	
<http://purl.obolibrary.org/obo/MOLSIM_000045>	<http://www.w3.org/2000/01/rdf-schema#label>	"Langevin thermostat"@en	
<http://purl.obolibrary.org/obo/MOLSIM_000444>	<http://www.w3.org/2000/01/rdf-schema#label>	"tleap input"@en	
<http://purl.obolibrary.org/obo/MOLSIM_000088>	<http://www.w3.org/2000/01/rdf-schema#label>	"Kruskal's algorithm"@en	
<http://purl.obolibrary.org/obo/MOLSIM_000064>	<http://www.w3.org/2000/01/rdf-schema#label>	"Van der Waals interaction"@en	
<http://purl.obolibrary.org/obo/MOLSIM_000080>	<http://www.w3.org/2000/01/rdf-schema#label>	"Pearson correlation coefficient"@en	
<http://purl.obolibrary.org/obo/MOLSIM_000054>	<http://www.w3.org/2000/01/rdf-schema#label>	"Particle Mesh Ewald"@en	
<http://purl.obolibrary.org/obo/MOLSIM_000288>	<http://www.w3.org/2000/01/rdf-schema#label>	"extended thermodynamic integration"@en	
<http://purl.obolibrary.org/obo/MOLSIM_000177>	<http://www.w3.org/2000/01/rdf-schema#label>	"Psi4"@en	
<http://purl.obolibrary.org/obo/MOLSIM_000232>	<http://www.w3.org/2000/01/rdf-schema#label>	"bond energy"@en	
<http://purl.obolibrary.org/obo/MOLSIM_000210>	<http://www.w3.org/2000/01/rdf-schema#label>	"umbrella sampling"@en	
<http://purl.obolibrary.org/obo/MOLSIM_000237>	<http://www.w3.org/2000/01/rdf-schema#label>	"potential mean force method"@en	
<http://purl.obolibrary.org/obo/MOLSIM_000268>	<http://www.w3.org/2000/01/rdf-schema#label>	"binding free energy estimator 2"@en	
<http://purl.obolibrary.org/obo/MOLSIM_000126>	<http://www.w3.org/2000/01/rdf-schema#label>	"confidence intervals"@en	
<http://purl.obolibrary.org/obo/MOLSIM_000020>	<http://www.w3.org/2000/01/rdf-schema#label>	"lipid17"@en	
<http://purl.obolibrary.org/obo/MOLSIM_000492>	<http://www.w3.org/2000/01/rdf-schema#label>	"Swiss PDB viewer"@en	
<http://purl.obolibrary.org/obo/MOLSIM_000280>	<http://www.w3.org/2000/01/rdf-schema#label>	"3 trajectory approach"@en	
<http://purl.obolibrary.org/obo/MOLSIM_000010>	<http://www.w3.org/2000/01/rdf-schema#label>	"DNA force field"@en	
<http://purl.obolibrary.org/obo/MOLSIM_000037>	<http://www.w3.org/2000/01/rdf-schema#label>	"algorithm"@en	
<http://purl.obolibrary.org/obo/MOLSIM_000196>	<http://www.w3.org/2000/01/rdf-schema#label>	"canonical ensemble"@en	
<http://purl.obolibrary.org/obo/MOLSIM_000085>	<http://www.w3.org/2000/01/rdf-schema#label>	"ref Tversky"@en	
<http://purl.obolibrary.org/obo/MOLSIM_000015>	<http://www.w3.org/2000/01/rdf-schema#label>	"ion force field"@en	
<http://purl.obolibrary.org/obo/MOLSIM_000186>	<http://www.w3.org/2000/01/rdf-schema#label>	"hydrophobic interactions"@en	
<http://purl.obolibrary.org/obo/MOLSIM_000109>	<http://www.w3.org/2000/01/rdf-schema#label>	"method"@en	
<http://purl.obolibrary.org/obo/MOLSIM_000342>	<http://www.w3.org/2000/01/rdf-schema#label>	"correlation analysis"@en	
<http://purl.obolibrary.org/obo/MOLSIM_000152>	<http://www.w3.org/2000/01/rdf-schema#label>	"relevance to drug discovery"@en	
<http://purl.obolibrary.org/obo/MOLSIM_000253>	<http://www.w3.org/2000/01/rdf-schema#label>	"clustering algorithm"@en	
<http://purl.obolibrary.org/obo/MOLSIM_000142>	<http://www.w3.org/2000/01/rdf-schema#label>	"predictive index"@en	
<http://purl.obolibrary.org/obo/MOLSIM_000169>	<http://www.w3.org/2000/01/rdf-schema#label>	"workflow script"@en	
<http://purl.obolibrary.org/obo/MOLSIM_000349>	<http://www.w3.org/2000/01/rdf-schema#label>	"resampling method"@en	
<http://purl.obolibrary.org/obo/MOLSIM_000202>	<http://www.w3.org/2000/01/rdf-schema#label>	"nuclear magnetic resonance"@en	
<http://purl.obolibrary.org/obo/MOLSIM_000118>	<http://www.w3.org/2000/01/rdf-schema#label>	"Jensen-Shannon divergence"@en	
<http://purl.obolibrary.org/obo/MOLSIM_000161>	<http://www.w3.org/2000/01/rdf-schema#label>	"quantum chemistry software"@en	
<http://purl.obolibrary.org/obo/MOLSIM_000294>	<http://www.w3.org/2000/01/rdf-schema#label>	"conveyor belt thermodynamic integration"@en	
<http://purl.obolibrary.org/obo/MOLSIM_000029>	<http://www.w3.org/2000/01/rdf-schema#label>	"calcium chloride"@en	
<http://purl.obolibrary.org/obo/MOLSIM_000438>	<http://www.w3.org/2000/01/rdf-schema#label>	"output file"@en	
<http://purl.obolibrary.org/obo/MOLSIM_000072>	<http://www.w3.org/2000/01/rdf-schema#label>	"quantum mechanical solvent model"@en	
<http://purl.obolibrary.org/obo/MOLSIM_000334>	<http://www.w3.org/2000/01/rdf-schema#label>	"fit color Tversky"@en	
<http://purl.obolibrary.org/obo/MOLSIM_000207>	<http://www.w3.org/2000/01/rdf-schema#label>	"custom script"@en	
<http://purl.obolibrary.org/obo/MOLSIM_000093>	<http://www.w3.org/2000/01/rdf-schema#label>	"genetic algorithms"@en	
<http://purl.obolibrary.org/obo/MOLSIM_000026>	<http://www.w3.org/2000/01/rdf-schema#label>	"salt"@en	
<http://purl.obolibrary.org/obo/MOLSIM_000498>	<http://www.w3.org/2000/01/rdf-schema#label>	"predictive index of Pearman"@en	
<http://purl.obolibrary.org/obo/MOLSIM_000250>	<http://www.w3.org/2000/01/rdf-schema#label>	"Li and Merz 12-6"@en	
<http://purl.obolibrary.org/obo/MOLSIM_000476>	<http://www.w3.org/2000/01/rdf-schema#label>	"TIP3P water model"@en	
<http://purl.obolibrary.org/obo/MOLSIM_000175>	<http://www.w3.org/2000/01/rdf-schema#label>	"Gaussian"@en	
<http://purl.obolibrary.org/obo/MOLSIM_000245>	<http://www.w3.org/2000/01/rdf-schema#label>	"tunnel predictor tool"@en	
<http://purl.obolibrary.org/obo/MOLSIM_000353>	<http://www.w3.org/2000/01/rdf-schema#label>	"validation technique"@en	
<http://purl.obolibrary.org/obo/MOLSIM_000079>	<http://www.w3.org/2000/01/rdf-schema#label>	"Manhattan distance"@en	
<http://purl.obolibrary.org/obo/MOLSIM_000259>	<http://www.w3.org/2000/01/rdf-schema#label>	"topology and coordinate generation tool"@en	
<http://purl.obolibrary.org/obo/MOLSIM_000122>	<http://www.w3.org/2000/01/rdf-schema#label>	"data analysis technique"@en	
<http://purl.obolibrary.org/obo/MOLSIM_000042>	<http://www.w3.org/2000/01/rdf-schema#label>	"Andersen barostat"@en	
<http://purl.obolibrary.org/obo/MOLSIM_000339>	<http://www.w3.org/2000/01/rdf-schema#label>	"numerical integration"@en	
<http://purl.obolibrary.org/obo/MOLSIM_000459>	<http://www.w3.org/2000/01/rdf-schema#label>	"free energy calculations tool"@en	
<http://purl.obolibrary.org/obo/MOLSIM_000242>	<http://www.w3.org/2000/01/rdf-schema#label>	"MMPBSA.py"@en	
<http://purl.obolibrary.org/obo/MOLSIM_000100>	<http://www.w3.org/2000/01/rdf-schema#label>	"unbound state"@en	
<http://purl.obolibrary.org/obo/MOLSIM_000502>	<http://www.w3.org/2000/01/rdf-schema#label>	"linear correlation significance determination"@en	
<http://purl.obolibrary.org/obo/MOLSIM_000131>	<http://www.w3.org/2000/01/rdf-schema#label>	"mean squared error"@en	
<http://purl.obolibrary.org/obo/MOLSIM_000028>	<http://www.w3.org/2000/01/rdf-schema#label>	"potassium chloride"@en	
<http://purl.obolibrary.org/obo/MOLSIM_000158>	<http://www.w3.org/2000/01/rdf-schema#label>	"tool"@en	
<http://purl.obolibrary.org/obo/MOLSIM_000059>	<http://www.w3.org/2000/01/rdf-schema#label>	"short range interaction"@en	
<http://purl.obolibrary.org/obo/MOLSIM_000071>	<http://www.w3.org/2000/01/rdf-schema#label>	"machine learning solvent model"@en	
<http://purl.obolibrary.org/obo/MOLSIM_000107>	<http://www.w3.org/2000/01/rdf-schema#label>	"tautomeric state"@en	
<http://purl.obolibrary.org/obo/MOLSIM_000008>	<http://www.w3.org/2000/01/rdf-schema#label>	"lipid  force field"@en	
<http://purl.obolibrary.org/obo/MOLSIM_000497>	<http://www.w3.org/2000/01/rdf-schema#label>	"computational method statistical measure"@en	
<http://purl.obolibrary.org/obo/MOLSIM_000150>	<http://www.w3.org/2000/01/rdf-schema#label>	"structural changes"@en	
<http://purl.obolibrary.org/obo/MOLSIM_000051>	<http://www.w3.org/2000/01/rdf-schema#label>	"RATTLE"@en	
<http://purl.obolibrary.org/obo/MOLSIM_000069>	<http://www.w3.org/2000/01/rdf-schema#label>	"hybrid solvent model"@en	
<http://purl.obolibrary.org/obo/MOLSIM_000475>	<http://www.w3.org/2000/01/rdf-schema#label>	"coarse-grained molecular dynamics"@en	
<http://purl.obolibrary.org/obo/MOLSIM_000283>	<http://www.w3.org/2000/01/rdf-schema#label>	"AMBER-FEW"@en	
<http://purl.obolibrary.org/obo/MOLSIM_000446>	<http://www.w3.org/2000/01/rdf-schema#label>	"PDB"@en	
<http://purl.obolibrary.org/obo/MOLSIM_000018>	<http://www.w3.org/2000/01/rdf-schema#label>	"lipid21"@en	
<http://purl.obolibrary.org/obo/MOLSIM_000275>	<http://www.w3.org/2000/01/rdf-schema#label>	"mbondi2"@en	
<http://purl.obolibrary.org/obo/MOLSIM_000061>	<http://www.w3.org/2000/01/rdf-schema#label>	"non specific interaction energy"@en	
<http://purl.obolibrary.org/obo/MOLSIM_000224>	<http://www.w3.org/2000/01/rdf-schema#label>	"Epik"@en	
<http://purl.obolibrary.org/obo/MOLSIM_000285>	<http://www.w3.org/2000/01/rdf-schema#label>	"Brick-CFCMC"@en	
<http://purl.obolibrary.org/obo/MOLSIM_000183>	<http://www.w3.org/2000/01/rdf-schema#label>	"Chronus Quantum"@en	
<http://purl.obolibrary.org/obo/MOLSIM_000256>	<http://www.w3.org/2000/01/rdf-schema#label>	"protein-ligand docking"@en	
<http://purl.obolibrary.org/obo/MOLSIM_000234>	<http://www.w3.org/2000/01/rdf-schema#label>	"electromagnetic interaction energy"@en	
<http://purl.obolibrary.org/obo/MOLSIM_000193>	<http://www.w3.org/2000/01/rdf-schema#label>	"peptidic bond"@en	
<http://purl.obolibrary.org/obo/MOLSIM_000068>	<http://www.w3.org/2000/01/rdf-schema#label>	"implicit solvent model"@en	
<http://purl.obolibrary.org/obo/MOLSIM_000440>	<http://www.w3.org/2000/01/rdf-schema#label>	"coordinate file"@en	
<http://purl.obolibrary.org/obo/MOLSIM_000356>	<http://www.w3.org/2000/01/rdf-schema#label>	"thermodynamic integration without linear extrapolation"@en	
<http://purl.obolibrary.org/obo/MOLSIM_000229>	<http://www.w3.org/2000/01/rdf-schema#label>	"simulation type"@en	
<http://purl.obolibrary.org/obo/MOLSIM_000111>	<http://www.w3.org/2000/01/rdf-schema#label>	"correlation coefficient"@en	
<http://purl.obolibrary.org/obo/MOLSIM_000012>	<http://www.w3.org/2000/01/rdf-schema#label>	"carbohydrates force field"@en	
<http://purl.obolibrary.org/obo/MOLSIM_000017>	<http://www.w3.org/2000/01/rdf-schema#label>	"ff99SB"@en	
<http://purl.obolibrary.org/obo/MOLSIM_000048>	<http://www.w3.org/2000/01/rdf-schema#label>	"Nosé-Hoover"@en	
<http://purl.obolibrary.org/obo/MOLSIM_000272>	<http://www.w3.org/2000/01/rdf-schema#label>	"radii set"@en	
<http://purl.obolibrary.org/obo/MOLSIM_000472>	<http://www.w3.org/2000/01/rdf-schema#label>	"Amber molecular dynamics topology"@en	
<http://purl.obolibrary.org/obo/MOLSIM_000060>	<http://www.w3.org/2000/01/rdf-schema#label>	"specific interaction"@en	
<http://purl.obolibrary.org/obo/MOLSIM_000077>	<http://www.w3.org/2000/01/rdf-schema#label>	"Dice coefficient"@en	
<http://purl.obolibrary.org/obo/MOLSIM_000040>	<http://www.w3.org/2000/01/rdf-schema#label>	"Berendsen barostat"@en	
<http://purl.obolibrary.org/obo/MOLSIM_000255>	<http://www.w3.org/2000/01/rdf-schema#label>	"static molecular interaction prediction"@en	
<http://purl.obolibrary.org/obo/MOLSIM_000144>	<http://www.w3.org/2000/01/rdf-schema#label>	"structural similarity"@en	
<http://purl.obolibrary.org/obo/MOLSIM_000233>	<http://www.w3.org/2000/01/rdf-schema#label>	"gravitational interaction energy"@en	
<http://purl.obolibrary.org/obo/MOLSIM_000264>	<http://www.w3.org/2000/01/rdf-schema#label>	"linear interaction energy"@en	
<http://purl.obolibrary.org/obo/MOLSIM_000149>	<http://www.w3.org/2000/01/rdf-schema#label>	"chemical properties"@en	
<http://purl.obolibrary.org/obo/MOLSIM_000204>	<http://www.w3.org/2000/01/rdf-schema#label>	"ligand charge model"@en	
<http://purl.obolibrary.org/obo/MOLSIM_000213>	<http://www.w3.org/2000/01/rdf-schema#label>	"adaptive steered molecular dynamics"@en	
<http://purl.obolibrary.org/obo/MOLSIM_000033>	<http://www.w3.org/2000/01/rdf-schema#label>	"rhombic dodecahedron"@en	
<http://purl.obolibrary.org/obo/MOLSIM_000192>	<http://www.w3.org/2000/01/rdf-schema#label>	"backbone-side chain hydrogen bonds"@en	
<http://purl.obolibrary.org/obo/MOLSIM_000129>	<http://www.w3.org/2000/01/rdf-schema#label>	"root mean square error"@en	
<http://purl.obolibrary.org/obo/MOLSIM_000098>	<http://www.w3.org/2000/01/rdf-schema#label>	"ligand state"@en	
<http://purl.obolibrary.org/obo/MOLSIM_000172>	<http://www.w3.org/2000/01/rdf-schema#label>	"compiled program"@en	
<http://purl.obolibrary.org/obo/MOLSIM_000307>	<http://www.w3.org/2000/01/rdf-schema#label>	"R"@en	
<http://purl.obolibrary.org/obo/MOLSIM_000074>	<http://www.w3.org/2000/01/rdf-schema#label>	"similarity calculation method"@en	
<http://purl.obolibrary.org/obo/MOLSIM_000090>	<http://www.w3.org/2000/01/rdf-schema#label>	"Dijkstra's algorithm"@en	
<http://purl.obolibrary.org/obo/MOLSIM_000218>	<http://www.w3.org/2000/01/rdf-schema#label>	"AmberTools"@en	
<http://purl.obolibrary.org/obo/MOLSIM_000165>	<http://www.w3.org/2000/01/rdf-schema#label>	"data processing tool"@en	
<http://purl.obolibrary.org/obo/MOLSIM_000345>	<http://www.w3.org/2000/01/rdf-schema#label>	"auto-correlation coefficients"@en	
<http://purl.obolibrary.org/obo/MOLSIM_000001>	<http://www.w3.org/2000/01/rdf-schema#label>	"software"@en	
<http://purl.obolibrary.org/obo/MOLSIM_000298>	<http://www.w3.org/2000/01/rdf-schema#label>	"thermodynamic integration extrapolation approach"@en	
<http://purl.obolibrary.org/obo/MOLSIM_000261>	<http://www.w3.org/2000/01/rdf-schema#label>	"binding free energy calculation method"@en	
<http://purl.obolibrary.org/obo/MOLSIM_000114>	<http://www.w3.org/2000/01/rdf-schema#label>	"root-mean-square deviation"@en	
<http://purl.obolibrary.org/obo/MOLSIM_000461>	<http://www.w3.org/2000/01/rdf-schema#label>	"molecular mechanics Poisson-Boltzmann surface area module"@en	
<http://purl.obolibrary.org/obo/MOLSIM_000247>	<http://www.w3.org/2000/01/rdf-schema#label>	"GROMACS"@en	
<http://purl.obolibrary.org/obo/MOLSIM_000278>	<http://www.w3.org/2000/01/rdf-schema#label>	"normal mode"@en	
<http://purl.obolibrary.org/obo/MOLSIM_000030>	<http://www.w3.org/2000/01/rdf-schema#label>	"water type"@en	
<http://purl.obolibrary.org/obo/MOLSIM_000066>	<http://www.w3.org/2000/01/rdf-schema#label>	"explicit solvent model"@en	
<http://purl.obolibrary.org/obo/MOLSIM_000290>	<http://www.w3.org/2000/01/rdf-schema#label>	"single-topology approach"@en	
<http://purl.obolibrary.org/obo/MOLSIM_000227>	<http://www.w3.org/2000/01/rdf-schema#label>	"membrane protein orientation tool"@en	
<http://purl.obolibrary.org/obo/MOLSIM_000244>	<http://www.w3.org/2000/01/rdf-schema#label>	"FoldX"@en	
<http://purl.obolibrary.org/obo/MOLSIM_000270>	<http://www.w3.org/2000/01/rdf-schema#label>	"Poisson-Boltzmann surface area"@en	
<http://purl.obolibrary.org/obo/MOLSIM_000133>	<http://www.w3.org/2000/01/rdf-schema#label>	"cross-validation errors"@en	
<http://purl.obolibrary.org/obo/MOLSIM_000039>	<http://www.w3.org/2000/01/rdf-schema#label>	"barostat algorithm"@en	
<http://purl.obolibrary.org/obo/MOLSIM_000463>	<http://www.w3.org/2000/01/rdf-schema#label>	"ref Tversky combo"@en	
<http://purl.obolibrary.org/obo/MOLSIM_000022>	<http://www.w3.org/2000/01/rdf-schema#label>	"TIB3P force field"@en	
<http://purl.obolibrary.org/obo/MOLSIM_000499>	<http://www.w3.org/2000/01/rdf-schema#label>	"accuracy of ddG prediction metrics measurements"@en	
<http://purl.obolibrary.org/obo/MOLSIM_000053>	<http://www.w3.org/2000/01/rdf-schema#label>	"electrostatic interaction computing method"@en	
<http://purl.obolibrary.org/obo/MOLSIM_000198>	<http://www.w3.org/2000/01/rdf-schema#label>	"microcanonical ensemble"@en	
<http://purl.obolibrary.org/obo/MOLSIM_000443>	<http://www.w3.org/2000/01/rdf-schema#label>	"protein structure"@en	
<http://purl.obolibrary.org/obo/MOLSIM_000087>	<http://www.w3.org/2000/01/rdf-schema#label>	"optimal transformation path algorithm"@en	
<http://purl.obolibrary.org/obo/MOLSIM_000277>	<http://www.w3.org/2000/01/rdf-schema#label>	"quasiharmonic mode"@en	
<http://purl.obolibrary.org/obo/MOLSIM_000190>	<http://www.w3.org/2000/01/rdf-schema#label>	"backbone hydrogen bonds"@en	
<http://purl.obolibrary.org/obo/MOLSIM_000063>	<http://www.w3.org/2000/01/rdf-schema#label>	"covalent interaction"@en	
<http://purl.obolibrary.org/obo/MOLSIM_000226>	<http://www.w3.org/2000/01/rdf-schema#label>	"PACKMOL-Memgen"@en	
<http://purl.obolibrary.org/obo/MOLSIM_000154>	<http://www.w3.org/2000/01/rdf-schema#label>	"stability in simulations"@en	
<http://purl.obolibrary.org/obo/MOLSIM_000055>	<http://www.w3.org/2000/01/rdf-schema#label>	"reaction field"@en	
<http://purl.obolibrary.org/obo/MOLSIM_000287>	<http://www.w3.org/2000/01/rdf-schema#label>	"standard thermodynamic integration"@en	
<http://purl.obolibrary.org/obo/MOLSIM_000185>	<http://www.w3.org/2000/01/rdf-schema#label>	"π-π interactions"@en	
<http://purl.obolibrary.org/obo/MOLSIM_000103>	<http://www.w3.org/2000/01/rdf-schema#label>	"encounter complex"@en	
<http://purl.obolibrary.org/obo/MOLSIM_000004>	<http://www.w3.org/2000/01/rdf-schema#label>	"analysis"@en	
<http://purl.obolibrary.org/obo/MOLSIM_000236>	<http://www.w3.org/2000/01/rdf-schema#label>	"weighted histogram analysis method"@en	
<http://purl.obolibrary.org/obo/MOLSIM_000267>	<http://www.w3.org/2000/01/rdf-schema#label>	"thermodynamic integration"@en	
<http://purl.obolibrary.org/obo/MOLSIM_000195>	<http://www.w3.org/2000/01/rdf-schema#label>	"ensemble"@en	
<http://purl.obolibrary.org/obo/MOLSIM_000036>	<http://www.w3.org/2000/01/rdf-schema#label>	"rectangular/cubic"@en	
<http://purl.obolibrary.org/obo/MOLSIM_000216>	<http://www.w3.org/2000/01/rdf-schema#label>	"visualization"@en	
<http://purl.obolibrary.org/obo/MOLSIM_000442>	<http://www.w3.org/2000/01/rdf-schema#label>	"trajectory file"@en	
<http://purl.obolibrary.org/obo/MOLSIM_000296>	<http://www.w3.org/2000/01/rdf-schema#label>	"free energy workflow"@en	
<http://purl.obolibrary.org/obo/MOLSIM_000341>	<http://www.w3.org/2000/01/rdf-schema#label>	"auto-correlation analysis"@en	
<http://purl.obolibrary.org/obo/MOLSIM_000474>	<http://www.w3.org/2000/01/rdf-schema#label>	"protein-protein docking"@en	
<http://purl.obolibrary.org/obo/MOLSIM_000108>	<http://www.w3.org/2000/01/rdf-schema#label>	"excited state"@en	
<http://purl.obolibrary.org/obo/MOLSIM_000136>	<http://www.w3.org/2000/01/rdf-schema#label>	"block averaging"@en	
<http://purl.obolibrary.org/obo/MOLSIM_000269>	<http://www.w3.org/2000/01/rdf-schema#label>	"non-equilibrium free energy calculations"@en	
<http://purl.obolibrary.org/obo/MOLSIM_000151>	<http://www.w3.org/2000/01/rdf-schema#label>	"computational feasibility"@en	
<http://purl.obolibrary.org/obo/MOLSIM_000095>	<http://www.w3.org/2000/01/rdf-schema#label>	"ant colony optimization algorithm"@en	
<http://purl.obolibrary.org/obo/MOLSIM_000252>	<http://www.w3.org/2000/01/rdf-schema#label>	"CPPTRAJ"@en	
<http://purl.obolibrary.org/obo/MOLSIM_000432>	<http://www.w3.org/2000/01/rdf-schema#label>	"quantum mechanics basis set"@en	
<http://purl.obolibrary.org/obo/MOLSIM_000168>	<http://www.w3.org/2000/01/rdf-schema#label>	"data analysis script"@en	
<http://purl.obolibrary.org/obo/MOLSIM_000348>	<http://www.w3.org/2000/01/rdf-schema#label>	"hypothesis testing"@en	
<http://purl.obolibrary.org/obo/MOLSIM_000201>	<http://www.w3.org/2000/01/rdf-schema#label>	"X-ray crystallography"@en	
<http://purl.obolibrary.org/obo/MOLSIM_000266>	<http://www.w3.org/2000/01/rdf-schema#label>	"free energy perturbation"@en	
<http://purl.obolibrary.org/obo/MOLSIM_000117>	<http://www.w3.org/2000/01/rdf-schema#label>	"Markov state models"@en	
<http://purl.obolibrary.org/obo/MOLSIM_000160>	<http://www.w3.org/2000/01/rdf-schema#label>	"molecular dynamics software"@en	
<http://purl.obolibrary.org/obo/MOLSIM_000035>	<http://www.w3.org/2000/01/rdf-schema#label>	"hexagonal prism"@en	
<http://purl.obolibrary.org/obo/MOLSIM_000044>	<http://www.w3.org/2000/01/rdf-schema#label>	"Langevin-piston barostat"@en	
<http://purl.obolibrary.org/obo/MOLSIM_000174>	<http://www.w3.org/2000/01/rdf-schema#label>	"Hartree-Fock"@en	
<http://purl.obolibrary.org/obo/MOLSIM_000092>	<http://www.w3.org/2000/01/rdf-schema#label>	"nearest neighbor algorithm"@en	
<http://purl.obolibrary.org/obo/MOLSIM_000025>	<http://www.w3.org/2000/01/rdf-schema#label>	"material"@en	
<http://purl.obolibrary.org/obo/MOLSIM_000167>	<http://www.w3.org/2000/01/rdf-schema#label>	"automation script"@en	
<http://purl.obolibrary.org/obo/MOLSIM_000347>	<http://www.w3.org/2000/01/rdf-schema#label>	"regression analysis"@en	
<http://purl.obolibrary.org/obo/MOLSIM_000130>	<http://www.w3.org/2000/01/rdf-schema#label>	"mean absolute error"@en	
<http://purl.obolibrary.org/obo/MOLSIM_000176>	<http://www.w3.org/2000/01/rdf-schema#label>	"GAMESS"@en	
<http://purl.obolibrary.org/obo/MOLSIM_000200>	<http://www.w3.org/2000/01/rdf-schema#label>	"protein structure determination method"@en	
<http://purl.obolibrary.org/obo/MOLSIM_000448>	<http://www.w3.org/2000/01/rdf-schema#label>	"protein database ID"@en	
<http://purl.obolibrary.org/obo/MOLSIM_000231>	<http://www.w3.org/2000/01/rdf-schema#label>	"energy type"@en	
<http://purl.obolibrary.org/obo/MOLSIM_000116>	<http://www.w3.org/2000/01/rdf-schema#label>	"bootstrapping"@en	
<http://purl.obolibrary.org/obo/MOLSIM_000147>	<http://www.w3.org/2000/01/rdf-schema#label>	"structural and chemical diversity"@en	
<http://purl.obolibrary.org/obo/MOLSIM_000125>	<http://www.w3.org/2000/01/rdf-schema#label>	"Kolmogorov-Smirnov test"@en	
<http://purl.obolibrary.org/obo/MOLSIM_000491>	<http://www.w3.org/2000/01/rdf-schema#label>	"SYBYL"@en	
<http://purl.obolibrary.org/obo/MOLSIM_000258>	<http://www.w3.org/2000/01/rdf-schema#label>	"Antechamber"@en	
<http://purl.obolibrary.org/obo/MOLSIM_000084>	<http://www.w3.org/2000/01/rdf-schema#label>	"fit Tversky combo"@en	
<http://purl.obolibrary.org/obo/MOLSIM_000241>	<http://www.w3.org/2000/01/rdf-schema#label>	"PROPKA"@en	
<http://purl.obolibrary.org/obo/MOLSIM_000303>	<http://www.w3.org/2000/01/rdf-schema#label>	"linear dependence evaluation method"@en	
<http://purl.obolibrary.org/obo/MOLSIM_000027>	<http://www.w3.org/2000/01/rdf-schema#label>	"sodium chloride"@en	
<http://purl.obolibrary.org/obo/MOLSIM_000157>	<http://www.w3.org/2000/01/rdf-schema#label>	"framework"@en	
<http://purl.obolibrary.org/obo/MOLSIM_000058>	<http://www.w3.org/2000/01/rdf-schema#label>	"long range interaction"@en	
<http://purl.obolibrary.org/obo/MOLSIM_000070>	<http://www.w3.org/2000/01/rdf-schema#label>	"coarse grained solvent model"@en	
<http://purl.obolibrary.org/obo/MOLSIM_000106>	<http://www.w3.org/2000/01/rdf-schema#label>	"protonation state"@en	
<http://purl.obolibrary.org/obo/MOLSIM_000007>	<http://www.w3.org/2000/01/rdf-schema#label>	"force field"@en	
<http://purl.obolibrary.org/obo/MOLSIM_000050>	<http://www.w3.org/2000/01/rdf-schema#label>	"SHAKE"@en	
<http://purl.obolibrary.org/obo/MOLSIM_000024>	<http://www.w3.org/2000/01/rdf-schema#label>	"general AMBER force field 2"@en	
<http://purl.obolibrary.org/obo/MOLSIM_000496>	<http://www.w3.org/2000/01/rdf-schema#label>	"pyMBAR"@en	
<http://purl.obolibrary.org/obo/MOLSIM_000284>	<http://www.w3.org/2000/01/rdf-schema#label>	"OpenCalphad"@en	
<http://purl.obolibrary.org/obo/MOLSIM_000445>	<http://www.w3.org/2000/01/rdf-schema#label>	"mmCIF"@en	
<http://purl.obolibrary.org/obo/MOLSIM_000089>	<http://www.w3.org/2000/01/rdf-schema#label>	"Prim's algorithm"@en	
<http://purl.obolibrary.org/obo/MOLSIM_000274>	<http://www.w3.org/2000/01/rdf-schema#label>	"mbondi"@en	
<http://purl.obolibrary.org/obo/MOLSIM_000223>	<http://www.w3.org/2000/01/rdf-schema#label>	"generic protonation tool"@en	
<http://purl.obolibrary.org/obo/MOLSIM_000139>	<http://www.w3.org/2000/01/rdf-schema#label>	"overlap metrics"@en	
<http://purl.obolibrary.org/obo/MOLSIM_000081>	<http://www.w3.org/2000/01/rdf-schema#label>	"Hamming distance"@en	
<http://purl.obolibrary.org/obo/MOLSIM_000293>	<http://www.w3.org/2000/01/rdf-schema#label>	"Hamiltonian replica exchange"@en	
<http://purl.obolibrary.org/obo/MOLSIM_000156>	<http://www.w3.org/2000/01/rdf-schema#label>	"application program"@en	
<http://purl.obolibrary.org/obo/MOLSIM_000182>	<http://www.w3.org/2000/01/rdf-schema#label>	"Molpro"@en	
<http://purl.obolibrary.org/obo/MOLSIM_000057>	<http://www.w3.org/2000/01/rdf-schema#label>	"interaction type"@en	
<http://purl.obolibrary.org/obo/MOLSIM_000437>	<http://www.w3.org/2000/01/rdf-schema#label>	"input file"@en	
<http://purl.obolibrary.org/obo/MOLSIM_000220>	<http://www.w3.org/2000/01/rdf-schema#label>	"protonation tool"@en	
<http://purl.obolibrary.org/obo/MOLSIM_000105>	<http://www.w3.org/2000/01/rdf-schema#label>	"conformational state"@en	
<http://purl.obolibrary.org/obo/MOLSIM_000006>	<http://www.w3.org/2000/01/rdf-schema#label>	"model"@en	
<http://purl.obolibrary.org/obo/MOLSIM_000471>	<http://www.w3.org/2000/01/rdf-schema#label>	"Amber molecular dynamics restart"@en	
<http://purl.obolibrary.org/obo/MOLSIM_000206>	<http://www.w3.org/2000/01/rdf-schema#label>	"restraint electrostatic potential"@en	
<http://purl.obolibrary.org/obo/MOLSIM_000067>	<http://www.w3.org/2000/01/rdf-schema#label>	"water model"@en	
<http://purl.obolibrary.org/obo/MOLSIM_000466>	<http://www.w3.org/2000/01/rdf-schema#label>	"orientations of proteins in membranes"@en	
<http://purl.obolibrary.org/obo/MOLSIM_000355>	<http://www.w3.org/2000/01/rdf-schema#label>	"thermodynamic integration method"@en	
<http://purl.obolibrary.org/obo/MOLSIM_000038>	<http://www.w3.org/2000/01/rdf-schema#label>	"thermostat algorithm"@en	
<http://purl.obolibrary.org/obo/MOLSIM_000016>	<http://www.w3.org/2000/01/rdf-schema#label>	"other organic molecules force field"@en	
<http://purl.obolibrary.org/obo/MOLSIM_000047>	<http://www.w3.org/2000/01/rdf-schema#label>	"Andersen thermostat"@en	
<http://purl.obolibrary.org/obo/MOLSIM_000189>	<http://www.w3.org/2000/01/rdf-schema#label>	"hydrogen bond"@en	
<http://purl.obolibrary.org/obo/MOLSIM_000222>	<http://www.w3.org/2000/01/rdf-schema#label>	"ligand protonation tool"@en	
<http://purl.obolibrary.org/obo/MOLSIM_000352>	<http://www.w3.org/2000/01/rdf-schema#label>	"mathematical techniques"@en	
<http://purl.obolibrary.org/obo/MOLSIM_000076>	<http://www.w3.org/2000/01/rdf-schema#label>	"Tversky index"@en	
<http://purl.obolibrary.org/obo/MOLSIM_000138>	<http://www.w3.org/2000/01/rdf-schema#label>	"convergence metrics"@en	
<http://purl.obolibrary.org/obo/MOLSIM_000121>	<http://www.w3.org/2000/01/rdf-schema#label>	"principal component analysis"@en	
<http://purl.obolibrary.org/obo/MOLSIM_000301>	<http://www.w3.org/2000/01/rdf-schema#label>	"Bennett acceptance ratio"@en	
<http://purl.obolibrary.org/obo/MOLSIM_000181>	<http://www.w3.org/2000/01/rdf-schema#label>	"NWChem"@en	
<http://purl.obolibrary.org/obo/MOLSIM_000097>	<http://www.w3.org/2000/01/rdf-schema#label>	"state"@en	
<http://purl.obolibrary.org/obo/MOLSIM_000254>	<http://www.w3.org/2000/01/rdf-schema#label>	"hierarchical agglomerative bottom-up"@en	
<http://purl.obolibrary.org/obo/MOLSIM_000263>	<http://www.w3.org/2000/01/rdf-schema#label>	"molecular mechanics generalized Born surface area"@en	
<http://purl.obolibrary.org/obo/MOLSIM_000148>	<http://www.w3.org/2000/01/rdf-schema#label>	"experimental data availability"@en	
<http://purl.obolibrary.org/obo/MOLSIM_000179>	<http://www.w3.org/2000/01/rdf-schema#label>	"Q-Chem"@en	
<http://purl.obolibrary.org/obo/MOLSIM_000203>	<http://www.w3.org/2000/01/rdf-schema#label>	"cryogenic electron microscopy"@en	
<http://purl.obolibrary.org/obo/MOLSIM_000191>	<http://www.w3.org/2000/01/rdf-schema#label>	"side-chain hydrogen bonds"@en	
<http://purl.obolibrary.org/obo/MOLSIM_000032>	<http://www.w3.org/2000/01/rdf-schema#label>	"box type"@en	
<http://purl.obolibrary.org/obo/MOLSIM_000119>	<http://www.w3.org/2000/01/rdf-schema#label>	"Kullback-Leibler divergence"@en	
<http://purl.obolibrary.org/obo/MOLSIM_000212>	<http://www.w3.org/2000/01/rdf-schema#label>	"free energy calculation"@en	
<http://purl.obolibrary.org/obo/MOLSIM_000239>	<http://www.w3.org/2000/01/rdf-schema#label>	"single trajectory"@en	
<http://purl.obolibrary.org/obo/MOLSIM_000128>	<http://www.w3.org/2000/01/rdf-schema#label>	"standard error of the mean"@en	
<http://purl.obolibrary.org/obo/MOLSIM_000354>	<http://www.w3.org/2000/01/rdf-schema#label>	"p-value"@en	
<http://purl.obolibrary.org/obo/MOLSIM_000162>	<http://www.w3.org/2000/01/rdf-schema#label>	"docking tool"@en	
<http://purl.obolibrary.org/obo/MOLSIM_000282>	<http://www.w3.org/2000/01/rdf-schema#label>	"rapid overlay of chemical structures"@en	
<http://purl.obolibrary.org/obo/MOLSIM_000171>	<http://www.w3.org/2000/01/rdf-schema#label>	"command-line program"@en	
<http://purl.obolibrary.org/obo/MOLSIM_000046>	<http://www.w3.org/2000/01/rdf-schema#label>	"Berendsen thermostat"@en	
<http://purl.obolibrary.org/obo/MOLSIM_000306>	<http://www.w3.org/2000/01/rdf-schema#label>	"statistical package"@en	
<http://purl.obolibrary.org/obo/MOLSIM_000460>	<http://www.w3.org/2000/01/rdf-schema#label>	"molecular mechanics Poisson-Boltzmann surface area tool"@en	
<http://purl.obolibrary.org/obo/MOLSIM_000164>	<http://www.w3.org/2000/01/rdf-schema#label>	"analysis tool"@en	
<http://purl.obolibrary.org/obo/MOLSIM_000344>	<http://www.w3.org/2000/01/rdf-schema#label>	"Kendall's tau correlation coefficient"@en	
<http://purl.obolibrary.org/obo/MOLSIM_000113>	<http://www.w3.org/2000/01/rdf-schema#label>	"Spearman's rank correlation coefficient"@en	
<http://purl.obolibrary.org/obo/MOLSIM_000178>	<http://www.w3.org/2000/01/rdf-schema#label>	"Orca"@en	
<http://purl.obolibrary.org/obo/MOLSIM_000211>	<http://www.w3.org/2000/01/rdf-schema#label>	"production"@en	
<http://purl.obolibrary.org/obo/MOLSIM_000065>	<http://www.w3.org/2000/01/rdf-schema#label>	"solvation model"@en	
<http://purl.obolibrary.org/obo/MOLSIM_000127>	<http://www.w3.org/2000/01/rdf-schema#label>	"error metrics"@en	
<http://purl.obolibrary.org/obo/MOLSIM_000493>	<http://www.w3.org/2000/01/rdf-schema#label>	"Pymol"@en	
<http://purl.obolibrary.org/obo/MOLSIM_000110>	<http://www.w3.org/2000/01/rdf-schema#label>	"statistical method"@en	
<http://purl.obolibrary.org/obo/MOLSIM_000011>	<http://www.w3.org/2000/01/rdf-schema#label>	"RNA force field"@en	
<http://purl.obolibrary.org/obo/MOLSIM_000170>	<http://www.w3.org/2000/01/rdf-schema#label>	"executables"@en	
<http://purl.obolibrary.org/obo/MOLSIM_000086>	<http://www.w3.org/2000/01/rdf-schema#label>	"combo score"@en	
<http://purl.obolibrary.org/obo/MOLSIM_000243>	<http://www.w3.org/2000/01/rdf-schema#label>	"in-silico mutagenesis tool"@en	
<http://purl.obolibrary.org/obo/MOLSIM_000159>	<http://www.w3.org/2000/01/rdf-schema#label>	"script"@en	
<http://purl.obolibrary.org/obo/MOLSIM_000187>	<http://www.w3.org/2000/01/rdf-schema#label>	"electrostatic interactions"@en	
<http://purl.obolibrary.org/obo/MOLSIM_000021>	<http://www.w3.org/2000/01/rdf-schema#label>	"ff14SB"@en	
<http://purl.obolibrary.org/obo/MOLSIM_000009>	<http://www.w3.org/2000/01/rdf-schema#label>	"protein force field"@en	
<http://purl.obolibrary.org/obo/MOLSIM_000209>	<http://www.w3.org/2000/01/rdf-schema#label>	"equilibration"@en	
<http://purl.obolibrary.org/obo/MOLSIM_000197>	<http://www.w3.org/2000/01/rdf-schema#label>	"isothermal-isobaric ensemble"@en	
<http://purl.obolibrary.org/obo/MOLSIM_000052>	<http://www.w3.org/2000/01/rdf-schema#label>	"linear constraint solver"@en	
<http://purl.obolibrary.org/obo/MOLSIM_000469>	<http://www.w3.org/2000/01/rdf-schema#label>	"Amber molecular dynamics input"@en	
<http://purl.obolibrary.org/obo/MOLSIM_000112>	<http://www.w3.org/2000/01/rdf-schema#label>	"Pearson's correlation coefficient"@en	
<http://purl.obolibrary.org/obo/MOLSIM_000143>	<http://www.w3.org/2000/01/rdf-schema#label>	"ligand pairs selection criteria"@en	
<http://purl.obolibrary.org/obo/MOLSIM_000276>	<http://www.w3.org/2000/01/rdf-schema#label>	"enthropic contributions mode"@en	
<http://purl.obolibrary.org/obo/MOLSIM_000225>	<http://www.w3.org/2000/01/rdf-schema#label>	"membrane packing tool"@en	
<http://purl.obolibrary.org/obo/MOLSIM_000153>	<http://www.w3.org/2000/01/rdf-schema#label>	"structural data quality"@en	
<http://purl.obolibrary.org/obo/MOLSIM_000295>	<http://www.w3.org/2000/01/rdf-schema#label>	"optimization of alchemical pathways"@en	
<http://purl.obolibrary.org/obo/MOLSIM_000184>	<http://www.w3.org/2000/01/rdf-schema#label>	"QuTiP"@en	
<http://purl.obolibrary.org/obo/MOLSIM_000102>	<http://www.w3.org/2000/01/rdf-schema#label>	"metastable state"@en	
<http://purl.obolibrary.org/obo/MOLSIM_000003>	<http://www.w3.org/2000/01/rdf-schema#label>	"execution"@en	
<http://purl.obolibrary.org/obo/MOLSIM_000439>	<http://www.w3.org/2000/01/rdf-schema#label>	"restart file"@en	
<http://purl.obolibrary.org/obo/MOLSIM_000073>	<http://www.w3.org/2000/01/rdf-schema#label>	"generalized Born"@en	
<http://purl.obolibrary.org/obo/MOLSIM_000208>	<http://www.w3.org/2000/01/rdf-schema#label>	"thermalization"@en	
<http://purl.obolibrary.org/obo/MOLSIM_000441>	<http://www.w3.org/2000/01/rdf-schema#label>	"topology file"@en	
<http://purl.obolibrary.org/obo/MOLSIM_000000>	<http://www.w3.org/2000/01/rdf-schema#label>	"process"@en	
<http://purl.obolibrary.org/obo/MOLSIM_000217>	<http://www.w3.org/2000/01/rdf-schema#label>	"AMBER"@en	
<http://purl.obolibrary.org/obo/MOLSIM_000468>	<http://www.w3.org/2000/01/rdf-schema#label>	"Amber molecular dynamics coordinate"@en	
<http://purl.obolibrary.org/obo/MOLSIM_000251>	<http://www.w3.org/2000/01/rdf-schema#label>	"trajectory processing tool"@en	
<http://purl.obolibrary.org/obo/MOLSIM_000260>	<http://www.w3.org/2000/01/rdf-schema#label>	"tleap"@en	
<http://purl.obolibrary.org/obo/MOLSIM_000340>	<http://www.w3.org/2000/01/rdf-schema#label>	"integration method"@en	
<http://purl.obolibrary.org/obo/MOLSIM_000049>	<http://www.w3.org/2000/01/rdf-schema#label>	"constraining algorithm"@en	
<http://purl.obolibrary.org/obo/MOLSIM_000246>	<http://www.w3.org/2000/01/rdf-schema#label>	"CAVER"@en	
<http://purl.obolibrary.org/obo/MOLSIM_000078>	<http://www.w3.org/2000/01/rdf-schema#label>	"Euclidean distance"@en	
<http://purl.obolibrary.org/obo/MOLSIM_000094>	<http://www.w3.org/2000/01/rdf-schema#label>	"simulated annealing algorithm"@en	
<http://purl.obolibrary.org/obo/MOLSIM_000041>	<http://www.w3.org/2000/01/rdf-schema#label>	"Monte Carlo"@en	
<http://purl.obolibrary.org/obo/MOLSIM_000123>	<http://www.w3.org/2000/01/rdf-schema#label>	"clustering analysis"@en	
<http://purl.obolibrary.org/obo/MOLSIM_000101>	<http://www.w3.org/2000/01/rdf-schema#label>	"transition state"@en	
<http://purl.obolibrary.org/obo/MOLSIM_000132>	<http://www.w3.org/2000/01/rdf-schema#label>	"CHARMM36"@en	
<http://purl.obolibrary.org/obo/MOLSIM_000503>	<http://www.w3.org/2000/01/rdf-schema#label>	"determination by p-value"@en	
<http://purl.obolibrary.org/obo/MOLSIM_000265>	<http://www.w3.org/2000/01/rdf-schema#label>	"alchemical free energy methods"@en	
<http://purl.obolibrary.org/obo/MOLSIM_000034>	<http://www.w3.org/2000/01/rdf-schema#label>	"truncated octahedron"@en	
<http://purl.obolibrary.org/obo/MOLSIM_000043>	<http://www.w3.org/2000/01/rdf-schema#label>	"Parrinello-Rahman"@en	
<http://purl.obolibrary.org/obo/MOLSIM_000014>	<http://www.w3.org/2000/01/rdf-schema#label>	"water model force field"@en	
<http://purl.obolibrary.org/obo/MOLSIM_000173>	<http://www.w3.org/2000/01/rdf-schema#label>	"quantum mechanics"@en	
<http://purl.obolibrary.org/obo/MOLSIM_000019>	<http://www.w3.org/2000/01/rdf-schema#label>	"lipid14"@en	
<http://purl.obolibrary.org/obo/MOLSIM_000062>	<http://www.w3.org/2000/01/rdf-schema#label>	"non-covalent interaction"@en	
<http://purl.obolibrary.org/obo/MOLSIM_000166>	<http://www.w3.org/2000/01/rdf-schema#label>	"file conversion tool"@en	
<http://purl.obolibrary.org/obo/MOLSIM_000346>	<http://www.w3.org/2000/01/rdf-schema#label>	"partial auto-correlation coefficients"@en	
<http://purl.obolibrary.org/obo/MOLSIM_000240>	<http://www.w3.org/2000/01/rdf-schema#label>	"pKa tool"@en	
<http://purl.obolibrary.org/obo/MOLSIM_000286>	<http://www.w3.org/2000/01/rdf-schema#label>	"thermodynamic integration approach"@en	
<http://purl.obolibrary.org/obo/MOLSIM_000447>	<http://www.w3.org/2000/01/rdf-schema#label>	"identifier"@en	
<http://purl.obolibrary.org/obo/MOLSIM_000230>	<http://www.w3.org/2000/01/rdf-schema#label>	"all-atom molecular dynamics"@en	
<http://purl.obolibrary.org/obo/MOLSIM_000115>	<http://www.w3.org/2000/01/rdf-schema#label>	"root mean square fluctuation"@en	
<http://purl.obolibrary.org/obo/MOLSIM_000146>	<http://www.w3.org/2000/01/rdf-schema#label>	"binding affinity range"@en	
<http://purl.obolibrary.org/obo/MOLSIM_000235>	<http://www.w3.org/2000/01/rdf-schema#label>	"nuclear interaction energy"@en	
<http://purl.obolibrary.org/obo/MOLSIM_000124>	<http://www.w3.org/2000/01/rdf-schema#label>	"statistical test"@en	
<http://purl.obolibrary.org/obo/MOLSIM_000490>	<http://www.w3.org/2000/01/rdf-schema#label>	"structure preparation software"@en	
<http://purl.obolibrary.org/obo/MOLSIM_000194>	<http://www.w3.org/2000/01/rdf-schema#label>	"disulfide bridges"@en	
<http://purl.obolibrary.org/obo/MOLSIM_000083>	<http://www.w3.org/2000/01/rdf-schema#label>	"overlap coefficient"@en	
<http://purl.obolibrary.org/obo/MOLSIM_000302>	<http://www.w3.org/2000/01/rdf-schema#label>	"multi-state Bennett acceptance ratio"@en	
<http://purl.obolibrary.org/obo/MOLSIM_000013>	<http://www.w3.org/2000/01/rdf-schema#label>	"organic molecules force field"@en	
<http://purl.obolibrary.org/obo/MOLSIM_000273>	<http://www.w3.org/2000/01/rdf-schema#label>	"bondi"@en	
<http://purl.obolibrary.org/obo/MOLSIM_000473>	<http://www.w3.org/2000/01/rdf-schema#label>	"Amber molecular dynamics trajectory"@en	
<http://purl.obolibrary.org/obo/MOLSIM_000023>	<http://www.w3.org/2000/01/rdf-schema#label>	"general AMBER force field"@en	
<http://purl.obolibrary.org/obo/MOLSIM_000199>	<http://www.w3.org/2000/01/rdf-schema#label>	"grand canonical ensemble"@en	
<http://purl.obolibrary.org/obo/MOLSIM_000145>	<http://www.w3.org/2000/01/rdf-schema#label>	"chemical similarity"@en	
<http://purl.obolibrary.org/obo/MOLSIM_000249>	<http://www.w3.org/2000/01/rdf-schema#label>	"ion parameters"@en	
<http://purl.obolibrary.org/obo/MOLSIM_000082>	<http://www.w3.org/2000/01/rdf-schema#label>	"Jaccard index"@en	
<http://purl.obolibrary.org/obo/MOLSIM_000292>	<http://www.w3.org/2000/01/rdf-schema#label>	"multi-step approach"@en	
<http://purl.obolibrary.org/obo/MOLSIM_000155>	<http://www.w3.org/2000/01/rdf-schema#label>	"ligand efficiency"@en	
<http://purl.obolibrary.org/obo/MOLSIM_000056>	<http://www.w3.org/2000/01/rdf-schema#label>	"particle-particle particle-mesh"@en	
<http://purl.obolibrary.org/obo/MOLSIM_000099>	<http://www.w3.org/2000/01/rdf-schema#label>	"bound state"@en	
<http://purl.obolibrary.org/obo/MOLSIM_000436>	<http://www.w3.org/2000/01/rdf-schema#label>	"data format"@en	
<http://purl.obolibrary.org/obo/MOLSIM_000470>	<http://www.w3.org/2000/01/rdf-schema#label>	"Amber molecular dynamics output"@en	
<http://purl.obolibrary.org/obo/MOLSIM_000104>	<http://www.w3.org/2000/01/rdf-schema#label>	"solvated state"@en	
<http://purl.obolibrary.org/obo/MOLSIM_000005>	<http://www.w3.org/2000/01/rdf-schema#label>	"protonation"@en	
<http://purl.obolibrary.org/obo/MOLSIM_000135>	<http://www.w3.org/2000/01/rdf-schema#label>	"convergence and uncertainty quantification"@en	
<http://purl.obolibrary.org/obo/UO_0000094>	<http://www.geneontology.org/formats/oboInOwl#hasExactSynonym>	"metre per second"	
<http://purl.obolibrary.org/obo/UO_0000094>	<http://www.geneontology.org/formats/oboInOwl#hasExactSynonym>	"m/s"	
<http://purl.obolibrary.org/obo/UO_0000030>	<http://www.geneontology.org/formats/oboInOwl#hasExactSynonym>	"ps"	
<http://purl.obolibrary.org/obo/UO_0000150>	<http://www.geneontology.org/formats/oboInOwl#hasExactSynonym>	"ns"	
<http://purl.obolibrary.org/obo/UO_0000063>	<http://www.geneontology.org/formats/oboInOwl#hasExactSynonym>	"mM"	
<http://purl.obolibrary.org/obo/UO_0000003>	<http://www.geneontology.org/formats/oboInOwl#hasExactSynonym>	"time derived unit"	
<http://purl.obolibrary.org/obo/UO_0000019>	<http://www.geneontology.org/formats/oboInOwl#hasExactSynonym>	"Å"	
<http://purl.obolibrary.org/obo/MOLSIM_000262>	<http://www.geneontology.org/formats/oboInOwl#hasExactSynonym>	"MMPBSA"@en	
<http://purl.obolibrary.org/obo/MOLSIM_000462>	<http://www.geneontology.org/formats/oboInOwl#hasExactSynonym>	"MMGBSA tool"@en	
<http://purl.obolibrary.org/obo/MOLSIM_000031>	<http://www.geneontology.org/formats/oboInOwl#hasExactSynonym>	"OPC"@en	
<http://purl.obolibrary.org/obo/MOLSIM_000271>	<http://www.geneontology.org/formats/oboInOwl#hasExactSynonym>	"GBSA"@en	
<http://purl.obolibrary.org/obo/MOLSIM_000134>	<http://www.geneontology.org/formats/oboInOwl#hasExactSynonym>	"BSE"@en	
<http://purl.obolibrary.org/obo/MOLSIM_000054>	<http://www.geneontology.org/formats/oboInOwl#hasExactSynonym>	"PME"@en	
<http://purl.obolibrary.org/obo/MOLSIM_000237>	<http://www.geneontology.org/formats/oboInOwl#hasExactSynonym>	"PMF"@en	
<http://purl.obolibrary.org/obo/MOLSIM_000268>	<http://www.geneontology.org/formats/oboInOwl#hasExactSynonym>	"BFEE2"@en	
<http://purl.obolibrary.org/obo/MOLSIM_000492>	<http://www.geneontology.org/formats/oboInOwl#hasExactSynonym>	"DeepView"@en	
<http://purl.obolibrary.org/obo/MOLSIM_000196>	<http://www.geneontology.org/formats/oboInOwl#hasExactSynonym>	"NVT ensemble"@en	
<http://purl.obolibrary.org/obo/MOLSIM_000202>	<http://www.geneontology.org/formats/oboInOwl#hasExactSynonym>	"NMR"@en	
<http://purl.obolibrary.org/obo/MOLSIM_000294>	<http://www.geneontology.org/formats/oboInOwl#hasExactSynonym>	"CBTI"@en	
<http://purl.obolibrary.org/obo/MOLSIM_000029>	<http://www.geneontology.org/formats/oboInOwl#hasExactSynonym>	"CaCl2"@en	
<http://purl.obolibrary.org/obo/MOLSIM_000131>	<http://www.geneontology.org/formats/oboInOwl#hasExactSynonym>	"MSE"@en	
<http://purl.obolibrary.org/obo/MOLSIM_000028>	<http://www.geneontology.org/formats/oboInOwl#hasExactSynonym>	"KCl"@en	
<http://purl.obolibrary.org/obo/MOLSIM_000048>	<http://www.geneontology.org/formats/oboInOwl#hasExactSynonym>	"Nose-Hoover"@en	
<http://purl.obolibrary.org/obo/MOLSIM_000264>	<http://www.geneontology.org/formats/oboInOwl#hasExactSynonym>	"LIE"@en	
<http://purl.obolibrary.org/obo/MOLSIM_000129>	<http://www.geneontology.org/formats/oboInOwl#hasExactSynonym>	"RMSE"@en	
<http://purl.obolibrary.org/obo/MOLSIM_000114>	<http://www.geneontology.org/formats/oboInOwl#hasExactSynonym>	"RMSD"@en	
<http://purl.obolibrary.org/obo/MOLSIM_000461>	<http://www.geneontology.org/formats/oboInOwl#hasExactSynonym>	"MMPBSA module"@en	
<http://purl.obolibrary.org/obo/MOLSIM_000278>	<http://www.geneontology.org/formats/oboInOwl#hasExactSynonym>	"NM"@en	
<http://purl.obolibrary.org/obo/MOLSIM_000270>	<http://www.geneontology.org/formats/oboInOwl#hasExactSynonym>	"PBSA"@en	
<http://purl.obolibrary.org/obo/MOLSIM_000198>	<http://www.geneontology.org/formats/oboInOwl#hasExactSynonym>	"NVE ensemble"@en	
<http://purl.obolibrary.org/obo/MOLSIM_000277>	<http://www.geneontology.org/formats/oboInOwl#hasExactSynonym>	"QH"@en	
<http://purl.obolibrary.org/obo/MOLSIM_000055>	<http://www.geneontology.org/formats/oboInOwl#hasExactSynonym>	"RF"@en	
<http://purl.obolibrary.org/obo/MOLSIM_000236>	<http://www.geneontology.org/formats/oboInOwl#hasExactSynonym>	"WHAM"@en	
<http://purl.obolibrary.org/obo/MOLSIM_000267>	<http://www.geneontology.org/formats/oboInOwl#hasExactSynonym>	"TI"@en	
<http://purl.obolibrary.org/obo/MOLSIM_000296>	<http://www.geneontology.org/formats/oboInOwl#hasExactSynonym>	"FEW"@en	
<http://purl.obolibrary.org/obo/MOLSIM_000269>	<http://www.geneontology.org/formats/oboInOwl#hasExactSynonym>	"NEQ"@en	
<http://purl.obolibrary.org/obo/MOLSIM_000266>	<http://www.geneontology.org/formats/oboInOwl#hasExactSynonym>	"FEP"@en	
<http://purl.obolibrary.org/obo/MOLSIM_000117>	<http://www.geneontology.org/formats/oboInOwl#hasExactSynonym>	"MSMs"@en	
<http://purl.obolibrary.org/obo/MOLSIM_000130>	<http://www.geneontology.org/formats/oboInOwl#hasExactSynonym>	"MAE"@en	
<http://purl.obolibrary.org/obo/MOLSIM_000448>	<http://www.geneontology.org/formats/oboInOwl#hasExactSynonym>	"PDB ID"@en	
<http://purl.obolibrary.org/obo/MOLSIM_000027>	<http://www.geneontology.org/formats/oboInOwl#hasExactSynonym>	"NaCl"@en	
<http://purl.obolibrary.org/obo/MOLSIM_000024>	<http://www.geneontology.org/formats/oboInOwl#hasExactSynonym>	"GAFF2"@en	
<http://purl.obolibrary.org/obo/MOLSIM_000206>	<http://www.geneontology.org/formats/oboInOwl#hasExactSynonym>	"RESP"@en	
<http://purl.obolibrary.org/obo/MOLSIM_000466>	<http://www.geneontology.org/formats/oboInOwl#hasExactSynonym>	"OPM"@en	
<http://purl.obolibrary.org/obo/MOLSIM_000121>	<http://www.geneontology.org/formats/oboInOwl#hasExactSynonym>	"PCA"@en	
<http://purl.obolibrary.org/obo/MOLSIM_000301>	<http://www.geneontology.org/formats/oboInOwl#hasExactSynonym>	"BAR"@en	
<http://purl.obolibrary.org/obo/MOLSIM_000263>	<http://www.geneontology.org/formats/oboInOwl#hasExactSynonym>	"MMGBSA"@en	
<http://purl.obolibrary.org/obo/MOLSIM_000128>	<http://www.geneontology.org/formats/oboInOwl#hasExactSynonym>	"SEM"@en	
<http://purl.obolibrary.org/obo/MOLSIM_000282>	<http://www.geneontology.org/formats/oboInOwl#hasExactSynonym>	"ROCS"@en	
<http://purl.obolibrary.org/obo/MOLSIM_000460>	<http://www.geneontology.org/formats/oboInOwl#hasExactSynonym>	"MMPBSA tool"@en	
<http://purl.obolibrary.org/obo/MOLSIM_000197>	<http://www.geneontology.org/formats/oboInOwl#hasExactSynonym>	"NPT ensemble"@en	
<http://purl.obolibrary.org/obo/MOLSIM_000052>	<http://www.geneontology.org/formats/oboInOwl#hasExactSynonym>	"LINCS"@en	
<http://purl.obolibrary.org/obo/MOLSIM_000073>	<http://www.geneontology.org/formats/oboInOwl#hasExactSynonym>	"GB"@en	
<http://purl.obolibrary.org/obo/MOLSIM_000217>	<http://www.geneontology.org/formats/oboInOwl#hasExactSynonym>	"AmberMD"@en	
<http://purl.obolibrary.org/obo/MOLSIM_000115>	<http://www.geneontology.org/formats/oboInOwl#hasExactSynonym>	"RMSF"@en	
<http://purl.obolibrary.org/obo/MOLSIM_000302>	<http://www.geneontology.org/formats/oboInOwl#hasExactSynonym>	"MBAR"@en	
<http://purl.obolibrary.org/obo/MOLSIM_000023>	<http://www.geneontology.org/formats/oboInOwl#hasExactSynonym>	"GAFF"@en	
<http://purl.obolibrary.org/obo/MOLSIM_000199>	<http://www.geneontology.org/formats/oboInOwl#hasExactSynonym>	"µVT ensemble"@en	
<http://purl.obolibrary.org/obo/MOLSIM_000056>	<http://www.geneontology.org/formats/oboInOwl#hasExactSynonym>	"P3M"@en	
