?cls	?xref
<http://purl.obolibrary.org/obo/CHEBI_189186>	"pdb-ccd:LYJ"
<http://purl.obolibrary.org/obo/CHEBI_189186>	"chemspider:10608225"
<http://purl.obolibrary.org/obo/CHEBI_35998>	"reaxys:1733089"
<http://purl.obolibrary.org/obo/CHEBI_35998>	"wikipedia.en:Tridecane"
<http://purl.obolibrary.org/obo/CHEBI_35998>	"kegg.compound:C13834"
<http://purl.obolibrary.org/obo/CHEBI_35998>	"gmelin:1222217"
<http://purl.obolibrary.org/obo/CHEBI_35998>	"pubmed:24010324"
<http://purl.obolibrary.org/obo/CHEBI_35998>	"lipidmaps:LMFA11000001"
<http://purl.obolibrary.org/obo/CHEBI_35998>	"pdb-ccd:TRD"
<http://purl.obolibrary.org/obo/CHEBI_35998>	"cas:629-50-5"
<http://purl.obolibrary.org/obo/CHEBI_35998>	"pubmed:23768323"
<http://purl.obolibrary.org/obo/CHEBI_35998>	"hmdb:HMDB0034284"
<http://purl.obolibrary.org/obo/CHEBI_35998>	"beilstein:1733089"
<http://purl.obolibrary.org/obo/CHEBI_30879>	"kegg.compound:C00069"
<http://purl.obolibrary.org/obo/CHEBI_28897>	"knapsack:C00001265"
<http://purl.obolibrary.org/obo/CHEBI_28897>	"hmdb:HMDB0059886"
<http://purl.obolibrary.org/obo/CHEBI_28897>	"metacyc.compound:CPD-7946"
<http://purl.obolibrary.org/obo/CHEBI_28897>	"pubmed:23847066"
<http://purl.obolibrary.org/obo/CHEBI_28897>	"pubmed:14598162"
<http://purl.obolibrary.org/obo/CHEBI_28897>	"kegg.compound:C08388"
<http://purl.obolibrary.org/obo/CHEBI_28897>	"wikipedia.en:Pentadecane"
<http://purl.obolibrary.org/obo/CHEBI_28897>	"pdb-ccd:MYS"
<http://purl.obolibrary.org/obo/CHEBI_28897>	"lipidmaps:LMFA11000006"
<http://purl.obolibrary.org/obo/CHEBI_28897>	"drugbank:DB03715"
<http://purl.obolibrary.org/obo/CHEBI_28897>	"pubmed:15330541"
<http://purl.obolibrary.org/obo/CHEBI_28897>	"cas:629-62-9"
<http://purl.obolibrary.org/obo/CHEBI_28897>	"pubmed:23973758"
<http://purl.obolibrary.org/obo/CHEBI_28897>	"reaxys:1698194"
<http://purl.obolibrary.org/obo/CHEBI_26440>	"kegg.compound:C03169"
<http://purl.obolibrary.org/obo/CHEBI_45086>	"pdb-ccd:PHL"
<http://purl.obolibrary.org/obo/CHEBI_45086>	"lincs.smallmolecule:LSM-19018"
<http://purl.obolibrary.org/obo/CHEBI_45086>	"drugbank:DB04484"
<http://purl.obolibrary.org/obo/CHEBI_45086>	"pubmed:12840826"
<http://purl.obolibrary.org/obo/CHEBI_45086>	"cas:3182-95-4"
<http://purl.obolibrary.org/obo/CHEBI_45086>	"pubmed:27619990"
<http://purl.obolibrary.org/obo/CHEBI_35350>	"kegg.compound:C02159"
<http://purl.obolibrary.org/obo/CHEBI_15705>	"kegg.compound:C00151"
<http://purl.obolibrary.org/obo/CHEBI_33575>	"wikipedia.en:Carboxylic_acid"
<http://purl.obolibrary.org/obo/CHEBI_33575>	"pubmed:17147560"
<http://purl.obolibrary.org/obo/CHEBI_33575>	"pubmed:18433345"
<http://purl.obolibrary.org/obo/CHEBI_33261>	"wikipedia.en:Organosulfur_compounds"
<http://purl.obolibrary.org/obo/CHEBI_195477>	"pubmed:34241057"
<http://purl.obolibrary.org/obo/CHEBI_195477>	"pubmed:9357523"
<http://purl.obolibrary.org/obo/CHEBI_195477>	"pubmed:27899283"
<http://purl.obolibrary.org/obo/CHEBI_195477>	"pubmed:32239048"
<http://purl.obolibrary.org/obo/CHEBI_195477>	"pubmed:36734187"
<http://purl.obolibrary.org/obo/CHEBI_17748>	"pubmed:2559771"
<http://purl.obolibrary.org/obo/CHEBI_17748>	"pubmed:22770225"
<http://purl.obolibrary.org/obo/CHEBI_17748>	"kegg.compound:C00214"
<http://purl.obolibrary.org/obo/CHEBI_17748>	"cas:50-89-5"
<http://purl.obolibrary.org/obo/CHEBI_17748>	"pdb-ccd:THM"
<http://purl.obolibrary.org/obo/CHEBI_17748>	"hmdb:HMDB0000273"
<http://purl.obolibrary.org/obo/CHEBI_17748>	"wikipedia.en:Thymidine"
<http://purl.obolibrary.org/obo/CHEBI_17748>	"metacyc.compound:THYMIDINE"
<http://purl.obolibrary.org/obo/CHEBI_17748>	"knapsack:C00019698"
<http://purl.obolibrary.org/obo/CHEBI_17748>	"gmelin:282610"
<http://purl.obolibrary.org/obo/CHEBI_17748>	"drugbank:DB04485"
<http://purl.obolibrary.org/obo/CHEBI_17748>	"reaxys:89285"
<http://purl.obolibrary.org/obo/CHEBI_16449>	"kegg.compound:C01401"
<http://purl.obolibrary.org/obo/CHEBI_16449>	"gmelin:2449"
<http://purl.obolibrary.org/obo/CHEBI_16449>	"wikipedia.en:Alanine"
<http://purl.obolibrary.org/obo/CHEBI_16449>	"reaxys:635807"
<http://purl.obolibrary.org/obo/CHEBI_16449>	"cas:302-72-7"
<http://purl.obolibrary.org/obo/CHEBI_16449>	"pubmed:22264337"
<http://purl.obolibrary.org/obo/CHEBI_16449>	"pubmed:17439666"
<http://purl.obolibrary.org/obo/CHEBI_16449>	"drugcentral:4306"
<http://purl.obolibrary.org/obo/CHEBI_15734>	"kegg.compound:C00226"
<http://purl.obolibrary.org/obo/CHEBI_51143>	"kegg.compound:C06061"
<http://purl.obolibrary.org/obo/CHEBI_228882>	"chemspider:99871"
<http://purl.obolibrary.org/obo/CHEBI_228882>	"pdb-ccd:DCL"
<http://purl.obolibrary.org/obo/CHEBI_15698>	"pdb-ccd:DCZ"
<http://purl.obolibrary.org/obo/CHEBI_15698>	"wikipedia.en:Deoxycytidine"
<http://purl.obolibrary.org/obo/CHEBI_15698>	"metacyc.compound:DEOXYCYTIDINE"
<http://purl.obolibrary.org/obo/CHEBI_15698>	"drugbank:DB02594"
<http://purl.obolibrary.org/obo/CHEBI_15698>	"gmelin:1321747"
<http://purl.obolibrary.org/obo/CHEBI_15698>	"cas:951-77-9"
<http://purl.obolibrary.org/obo/CHEBI_15698>	"reaxys:87567"
<http://purl.obolibrary.org/obo/CHEBI_15698>	"pubmed:15778433"
<http://purl.obolibrary.org/obo/CHEBI_15698>	"hmdb:HMDB0000014"
<http://purl.obolibrary.org/obo/CHEBI_15698>	"kegg.compound:C00881"
<http://purl.obolibrary.org/obo/CHEBI_32877>	"kegg.compound:C00375"
<http://purl.obolibrary.org/obo/CHEBI_32877>	"kegg.compound:C02580"
<http://purl.obolibrary.org/obo/CHEBI_32877>	"kegg.compound:C00893"
<http://purl.obolibrary.org/obo/CHEBI_18059>	"kegg.compound:C01356"
<http://purl.obolibrary.org/obo/CHEBI_169689>	"chemspider:4509174"
<http://purl.obolibrary.org/obo/CHEBI_169689>	"lipidmaps:LMFA11000102"
<http://purl.obolibrary.org/obo/CHEBI_17172>	"kegg.compound:C00330"
<http://purl.obolibrary.org/obo/CHEBI_17172>	"hmdb:HMDB0000085"
<http://purl.obolibrary.org/obo/CHEBI_17172>	"reaxys:39814"
<http://purl.obolibrary.org/obo/CHEBI_17172>	"metacyc.compound:DEOXYGUANOSINE"
<http://purl.obolibrary.org/obo/CHEBI_17172>	"pdb-ccd:GNG"
<http://purl.obolibrary.org/obo/CHEBI_17172>	"cas:961-07-9"
<http://purl.obolibrary.org/obo/CHEBI_17172>	"wikipedia.en:Deoxyguanosine"
<http://purl.obolibrary.org/obo/CHEBI_18274>	"kegg.compound:C02269"
<http://purl.obolibrary.org/obo/CHEBI_18274>	"kegg.compound:C03216"
<http://purl.obolibrary.org/obo/CHEBI_47908>	"kegg.compound:C00812"
<http://purl.obolibrary.org/obo/CHEBI_35681>	"kegg.compound:C01612"
<http://purl.obolibrary.org/obo/CHEBI_35681>	"kegg.compound:C00432"
<http://purl.obolibrary.org/obo/CHEBI_33709>	"wikipedia.en:Amino_acid"
<http://purl.obolibrary.org/obo/CHEBI_16136>	"pubmed:15003943"
<http://purl.obolibrary.org/obo/CHEBI_16136>	"pubmed:22473176"
<http://purl.obolibrary.org/obo/CHEBI_16136>	"pubmed:19695225"
<http://purl.obolibrary.org/obo/CHEBI_16136>	"pubmed:22787557"
<http://purl.obolibrary.org/obo/CHEBI_16136>	"pubmed:18948540"
<http://purl.obolibrary.org/obo/CHEBI_16136>	"pubmed:22378060"
<http://purl.obolibrary.org/obo/CHEBI_16136>	"pubmed:11788560"
<http://purl.obolibrary.org/obo/CHEBI_16136>	"wikipedia.en:Hydrogen_sulfide"
<http://purl.obolibrary.org/obo/CHEBI_16136>	"pubmed:22448627"
<http://purl.obolibrary.org/obo/CHEBI_16136>	"pubmed:22486842"
<http://purl.obolibrary.org/obo/CHEBI_16136>	"pubmed:18098324"
<http://purl.obolibrary.org/obo/CHEBI_16136>	"gmelin:303"
<http://purl.obolibrary.org/obo/CHEBI_16136>	"pubmed:15607739"
<http://purl.obolibrary.org/obo/CHEBI_16136>	"pubmed:16446402"
<http://purl.obolibrary.org/obo/CHEBI_16136>	"kegg.compound:C00283"
<http://purl.obolibrary.org/obo/CHEBI_16136>	"pubmed:18524810"
<http://purl.obolibrary.org/obo/CHEBI_16136>	"knapsack:C00007266"
<http://purl.obolibrary.org/obo/CHEBI_16136>	"cas:7783-06-4"
<http://purl.obolibrary.org/obo/CHEBI_16136>	"pdb-ccd:H2S"
<http://purl.obolibrary.org/obo/CHEBI_16136>	"pubmed:14654297"
<http://purl.obolibrary.org/obo/CHEBI_16136>	"umbbd.compound:c0239"
<http://purl.obolibrary.org/obo/CHEBI_16136>	"beilstein:3535004"
<http://purl.obolibrary.org/obo/CHEBI_16136>	"molbase:1709"
<http://purl.obolibrary.org/obo/CHEBI_16136>	"pubmed:22520971"
<http://purl.obolibrary.org/obo/CHEBI_16136>	"drugcentral:4260"
<http://purl.obolibrary.org/obo/CHEBI_16136>	"pubmed:22004989"
<http://purl.obolibrary.org/obo/CHEBI_36963>	"pubmed:17586126"
<http://purl.obolibrary.org/obo/CHEBI_17562>	"pubmed:12591866"
<http://purl.obolibrary.org/obo/CHEBI_17562>	"kegg.drug:D07769"
<http://purl.obolibrary.org/obo/CHEBI_17562>	"drugbank:DB02097"
<http://purl.obolibrary.org/obo/CHEBI_17562>	"wikipedia.en:Cytidine"
<http://purl.obolibrary.org/obo/CHEBI_17562>	"pubmed:19194376"
<http://purl.obolibrary.org/obo/CHEBI_17562>	"kegg.compound:C00475"
<http://purl.obolibrary.org/obo/CHEBI_17562>	"metacyc.compound:CYTIDINE"
<http://purl.obolibrary.org/obo/CHEBI_17562>	"pdb-ccd:CTN"
<http://purl.obolibrary.org/obo/CHEBI_17562>	"cas:65-46-3"
<http://purl.obolibrary.org/obo/CHEBI_17562>	"hmdb:HMDB0000089"
<http://purl.obolibrary.org/obo/CHEBI_17562>	"pubmed:15621516"
<http://purl.obolibrary.org/obo/CHEBI_17562>	"reaxys:89173"
<http://purl.obolibrary.org/obo/CHEBI_17562>	"gmelin:84763"
<http://purl.obolibrary.org/obo/CHEBI_18310>	"kegg.compound:C01371"
<http://purl.obolibrary.org/obo/CHEBI_83813>	"wikipedia.en:Proteinogenic_amino_acid"
<http://purl.obolibrary.org/obo/CHEBI_17062>	"kegg.compound:C00375"
<http://purl.obolibrary.org/obo/CHEBI_85422>	"metacyc.compound:CPD-9374"
<http://purl.obolibrary.org/obo/CHEBI_15889>	"lipidmaps_class:LMST01"
<http://purl.obolibrary.org/obo/CHEBI_15889>	"wikipedia.en:Sterol"
<http://purl.obolibrary.org/obo/CHEBI_15889>	"metacyc.compound:Sterols"
<http://purl.obolibrary.org/obo/CHEBI_15889>	"kegg.compound:C00370"
<http://purl.obolibrary.org/obo/CHEBI_33595>	"wikipedia.en:Cyclic_compound"
<http://purl.obolibrary.org/obo/CHEBI_33704>	"kegg.compound:C05167"
<http://purl.obolibrary.org/obo/CHEBI_33704>	"kegg.compound:C00045"
<http://purl.obolibrary.org/obo/CHEBI_36916>	"kegg.compound:C01373"
<http://purl.obolibrary.org/obo/CHEBI_134179>	"wikipedia.en:Volatile_organic_compound"
<http://purl.obolibrary.org/obo/CHEBI_36836>	"pubmed:10535978"
<http://purl.obolibrary.org/obo/CHEBI_36836>	"metacyc.compound:3-Beta-Hydroxysterols"
<http://purl.obolibrary.org/obo/CHEBI_36836>	"kegg.compound:C02945"
<http://purl.obolibrary.org/obo/CHEBI_36836>	"pubmed:12829805"
<http://purl.obolibrary.org/obo/CHEBI_16335>	"hmdb:HMDB0000050"
<http://purl.obolibrary.org/obo/CHEBI_16335>	"lincs.smallmolecule:LSM-28568"
<http://purl.obolibrary.org/obo/CHEBI_16335>	"reaxys:93029"
<http://purl.obolibrary.org/obo/CHEBI_16335>	"pdb-ccd:ADN"
<http://purl.obolibrary.org/obo/CHEBI_16335>	"metacyc.compound:ADENOSINE"
<http://purl.obolibrary.org/obo/CHEBI_16335>	"knapsack:C00007444"
<http://purl.obolibrary.org/obo/CHEBI_16335>	"pubmed:323854"
<http://purl.obolibrary.org/obo/CHEBI_16335>	"pubmed:16183671"
<http://purl.obolibrary.org/obo/CHEBI_16335>	"cas:58-61-7"
<http://purl.obolibrary.org/obo/CHEBI_16335>	"pubmed:11213237"
<http://purl.obolibrary.org/obo/CHEBI_16335>	"pubmed:11978011"
<http://purl.obolibrary.org/obo/CHEBI_16335>	"wikipedia.en:Adenosine"
<http://purl.obolibrary.org/obo/CHEBI_16335>	"pubmed:17190852"
<http://purl.obolibrary.org/obo/CHEBI_16335>	"pdb-ccd:ArF00"
<http://purl.obolibrary.org/obo/CHEBI_16335>	"pubmed:18000974"
<http://purl.obolibrary.org/obo/CHEBI_16335>	"pdb-ccd:ArS00"
<http://purl.obolibrary.org/obo/CHEBI_16335>	"pubmed:11820865"
<http://purl.obolibrary.org/obo/CHEBI_16335>	"drugbank:DB00640"
<http://purl.obolibrary.org/obo/CHEBI_16335>	"drugcentral:90"
<http://purl.obolibrary.org/obo/CHEBI_16335>	"pubmed:16917093"
<http://purl.obolibrary.org/obo/CHEBI_16335>	"ymdb:YMDB00058"
<http://purl.obolibrary.org/obo/CHEBI_16335>	"gmelin:53385"
<http://purl.obolibrary.org/obo/CHEBI_16335>	"kegg.drug:D00045"
<http://purl.obolibrary.org/obo/CHEBI_16335>	"kegg.compound:C00212"
<http://purl.obolibrary.org/obo/CHEBI_16335>	"ecmdb:ECMDB00050"
<http://purl.obolibrary.org/obo/CHEBI_16704>	"drugbank:DB02745"
<http://purl.obolibrary.org/obo/CHEBI_16704>	"pdb-ccd:URI"
<http://purl.obolibrary.org/obo/CHEBI_16704>	"hmdb:HMDB0000296"
<http://purl.obolibrary.org/obo/CHEBI_16704>	"kegg.compound:C00299"
<http://purl.obolibrary.org/obo/CHEBI_16704>	"wikipedia.en:Uridine"
<http://purl.obolibrary.org/obo/CHEBI_16704>	"pubmed:12084455"
<http://purl.obolibrary.org/obo/CHEBI_16704>	"reaxys:754904"
<http://purl.obolibrary.org/obo/CHEBI_16704>	"pubmed:17190852"
<http://purl.obolibrary.org/obo/CHEBI_16704>	"pubmed:22392515"
<http://purl.obolibrary.org/obo/CHEBI_16704>	"pubmed:15621516"
<http://purl.obolibrary.org/obo/CHEBI_16704>	"pubmed:22770225"
<http://purl.obolibrary.org/obo/CHEBI_16704>	"ymdb:YMDB00127"
<http://purl.obolibrary.org/obo/CHEBI_16704>	"cas:58-96-8"
<http://purl.obolibrary.org/obo/CHEBI_16704>	"metacyc.compound:URIDINE"
<http://purl.obolibrary.org/obo/CHEBI_16704>	"ecmdb:ECMDB00296"
<http://purl.obolibrary.org/obo/CHEBI_16704>	"knapsack:C00019674"
<http://purl.obolibrary.org/obo/CHEBI_16704>	"gmelin:397474"
<http://purl.obolibrary.org/obo/CHEBI_16704>	"pubmed:16839635"
<http://purl.obolibrary.org/obo/CHEBI_16183>	"pubmed:23756351"
<http://purl.obolibrary.org/obo/CHEBI_16183>	"pubmed:24161402"
<http://purl.obolibrary.org/obo/CHEBI_16183>	"pubmed:17791569"
<http://purl.obolibrary.org/obo/CHEBI_16183>	"pubmed:23353606"
<http://purl.obolibrary.org/obo/CHEBI_16183>	"pubmed:23739479"
<http://purl.obolibrary.org/obo/CHEBI_16183>	"pubmed:23397538"
<http://purl.obolibrary.org/obo/CHEBI_16183>	"pubmed:24132456"
<http://purl.obolibrary.org/obo/CHEBI_16183>	"patent:FR994032"
<http://purl.obolibrary.org/obo/CHEBI_16183>	"pubmed:24259373"
<http://purl.obolibrary.org/obo/CHEBI_16183>	"pubmed:23104415"
<http://purl.obolibrary.org/obo/CHEBI_16183>	"metacyc.compound:CH4"
<http://purl.obolibrary.org/obo/CHEBI_16183>	"pubmed:23742231"
<http://purl.obolibrary.org/obo/CHEBI_16183>	"gmelin:59"
<http://purl.obolibrary.org/obo/CHEBI_16183>	"wikipedia.en:Methane"
<http://purl.obolibrary.org/obo/CHEBI_16183>	"kegg.compound:C01438"
<http://purl.obolibrary.org/obo/CHEBI_16183>	"pubmed:23376302"
<http://purl.obolibrary.org/obo/CHEBI_16183>	"hmdb:HMDB0002714"
<http://purl.obolibrary.org/obo/CHEBI_16183>	"patent:US2583090"
<http://purl.obolibrary.org/obo/CHEBI_16183>	"pubmed:23718889"
<http://purl.obolibrary.org/obo/CHEBI_16183>	"umbbd.compound:c0095"
<http://purl.obolibrary.org/obo/CHEBI_16183>	"reaxys:1718732"
<http://purl.obolibrary.org/obo/CHEBI_16183>	"cas:74-82-8"
<http://purl.obolibrary.org/obo/CHEBI_35341>	"kegg.compound:C00377"
<http://purl.obolibrary.org/obo/CHEBI_35341>	"metacyc.compound:Steroids"
<http://purl.obolibrary.org/obo/CHEBI_46342>	"wikipedia.en:Undecane"
<http://purl.obolibrary.org/obo/CHEBI_46342>	"gmelin:142928"
<http://purl.obolibrary.org/obo/CHEBI_46342>	"reaxys:1697099"
<http://purl.obolibrary.org/obo/CHEBI_46342>	"beilstein:1697099"
<http://purl.obolibrary.org/obo/CHEBI_46342>	"metacyc.compound:CPD-9289"
<http://purl.obolibrary.org/obo/CHEBI_46342>	"pdb-ccd:UND"
<http://purl.obolibrary.org/obo/CHEBI_46342>	"cas:1120-21-4"
<http://purl.obolibrary.org/obo/CHEBI_18254>	"kegg.compound:C00911"
<http://purl.obolibrary.org/obo/CHEBI_16113>	"pubmed:25308664"
<http://purl.obolibrary.org/obo/CHEBI_16113>	"pubmed:25977713"
<http://purl.obolibrary.org/obo/CHEBI_16113>	"pubmed:16341241"
<http://purl.obolibrary.org/obo/CHEBI_16113>	"metacyc.compound:CHOLESTEROL"
<http://purl.obolibrary.org/obo/CHEBI_16113>	"pubmed:10901445"
<http://purl.obolibrary.org/obo/CHEBI_16113>	"kegg.compound:C00187"
<http://purl.obolibrary.org/obo/CHEBI_16113>	"reaxys:2060565"
<http://purl.obolibrary.org/obo/CHEBI_16113>	"knapsack:C00003648"
<http://purl.obolibrary.org/obo/CHEBI_16113>	"pdb-ccd:CLR"
<http://purl.obolibrary.org/obo/CHEBI_16113>	"pubmed:24287311"
<http://purl.obolibrary.org/obo/CHEBI_16113>	"pubmed:25658343"
<http://purl.obolibrary.org/obo/CHEBI_16113>	"kegg.drug:D00040"
<http://purl.obolibrary.org/obo/CHEBI_16113>	"pubmed:8838010"
<http://purl.obolibrary.org/obo/CHEBI_16113>	"drugbank:DB04540"
<http://purl.obolibrary.org/obo/CHEBI_16113>	"pubmed:25451949"
<http://purl.obolibrary.org/obo/CHEBI_16113>	"pubmed:25522988"
<http://purl.obolibrary.org/obo/CHEBI_16113>	"lipidmaps:LMST01010001"
<http://purl.obolibrary.org/obo/CHEBI_16113>	"wikipedia.en:Cholesterol"
<http://purl.obolibrary.org/obo/CHEBI_16113>	"pubmed:4696527"
<http://purl.obolibrary.org/obo/CHEBI_16113>	"cas:57-88-5"
<http://purl.obolibrary.org/obo/CHEBI_16113>	"hmdb:HMDB0000067"
<http://purl.obolibrary.org/obo/CHEBI_16113>	"pubmed:11412894"
<http://purl.obolibrary.org/obo/CHEBI_16113>	"gmelin:550297"
<http://purl.obolibrary.org/obo/CHEBI_17256>	"pubmed:24144081"
<http://purl.obolibrary.org/obo/CHEBI_17256>	"metacyc.compound:DEOXYADENOSINE"
<http://purl.obolibrary.org/obo/CHEBI_17256>	"gmelin:283189"
<http://purl.obolibrary.org/obo/CHEBI_17256>	"pdb-ccd:3D1"
<http://purl.obolibrary.org/obo/CHEBI_17256>	"pubmed:9869364"
<http://purl.obolibrary.org/obo/CHEBI_17256>	"pubmed:14253484"
<http://purl.obolibrary.org/obo/CHEBI_17256>	"hmdb:HMDB0000101"
<http://purl.obolibrary.org/obo/CHEBI_17256>	"kegg.compound:C00559"
<http://purl.obolibrary.org/obo/CHEBI_17256>	"reaxys:91015"
<http://purl.obolibrary.org/obo/CHEBI_17256>	"knapsack:C00019281"
<http://purl.obolibrary.org/obo/CHEBI_17256>	"cas:958-09-8"
<http://purl.obolibrary.org/obo/CHEBI_17256>	"wikipedia.en:Deoxyadenosine"
<http://purl.obolibrary.org/obo/CHEBI_17256>	"pubmed:8171392"
<http://purl.obolibrary.org/obo/CHEBI_17256>	"pubmed:18508186"
<http://purl.obolibrary.org/obo/CHEBI_16000>	"pdb-ccd:ETA"
<http://purl.obolibrary.org/obo/CHEBI_16000>	"pubmed:6708049"
<http://purl.obolibrary.org/obo/CHEBI_16000>	"gmelin:1650"
<http://purl.obolibrary.org/obo/CHEBI_16000>	"pubmed:6196640"
<http://purl.obolibrary.org/obo/CHEBI_16000>	"pubmed:3654008"
<http://purl.obolibrary.org/obo/CHEBI_16000>	"pubmed:10930630"
<http://purl.obolibrary.org/obo/CHEBI_16000>	"pubmed:12834252"
<http://purl.obolibrary.org/obo/CHEBI_16000>	"knapsack:C00007279"
<http://purl.obolibrary.org/obo/CHEBI_16000>	"reaxys:505944"
<http://purl.obolibrary.org/obo/CHEBI_16000>	"pubmed:15149650"
<http://purl.obolibrary.org/obo/CHEBI_16000>	"kegg.compound:C00189"
<http://purl.obolibrary.org/obo/CHEBI_16000>	"umbbd.compound:c0594"
<http://purl.obolibrary.org/obo/CHEBI_16000>	"pubmed:24023812"
<http://purl.obolibrary.org/obo/CHEBI_16000>	"kegg.drug:D05074"
<http://purl.obolibrary.org/obo/CHEBI_16000>	"hmdb:HMDB0000149"
<http://purl.obolibrary.org/obo/CHEBI_16000>	"drugbank:DB03994"
<http://purl.obolibrary.org/obo/CHEBI_16000>	"cas:141-43-5"
<http://purl.obolibrary.org/obo/CHEBI_16000>	"wikipedia.en:Ethanolamine"
<http://purl.obolibrary.org/obo/CHEBI_32952>	"kegg.compound:C00706"
<http://purl.obolibrary.org/obo/CHEBI_38104>	"pubmed:17134300"
<http://purl.obolibrary.org/obo/CHEBI_16148>	"pubmed:19296389"
<http://purl.obolibrary.org/obo/CHEBI_16148>	"knapsack:C00030472"
<http://purl.obolibrary.org/obo/CHEBI_16148>	"cas:629-78-7"
<http://purl.obolibrary.org/obo/CHEBI_16148>	"hmdb:HMDB0059830"
<http://purl.obolibrary.org/obo/CHEBI_16148>	"lipidmaps:LMFA11000003"
<http://purl.obolibrary.org/obo/CHEBI_16148>	"wikipedia.en:Heptadecane"
<http://purl.obolibrary.org/obo/CHEBI_16148>	"pubmed:24354326"
<http://purl.obolibrary.org/obo/CHEBI_16148>	"kegg.compound:C01816"
<http://purl.obolibrary.org/obo/CHEBI_16148>	"reaxys:1738898"
<http://purl.obolibrary.org/obo/CHEBI_16148>	"metacyc.compound:HEPTADECANE-CPD"
<http://purl.obolibrary.org/obo/CHEBI_138675>	"wikipedia.en:https://en.wikipedia.org/wiki/Gas"
<http://purl.obolibrary.org/obo/CHEBI_16236>	"reaxys:1718733"
<http://purl.obolibrary.org/obo/CHEBI_16236>	"cas:64-17-5"
<http://purl.obolibrary.org/obo/CHEBI_16236>	"pubmed:18925476"
<http://purl.obolibrary.org/obo/CHEBI_16236>	"pubmed:15464411"
<http://purl.obolibrary.org/obo/CHEBI_16236>	"pubmed:16084479"
<http://purl.obolibrary.org/obo/CHEBI_16236>	"hmdb:HMDB0000108"
<http://purl.obolibrary.org/obo/CHEBI_16236>	"pubmed:19851413"
<http://purl.obolibrary.org/obo/CHEBI_16236>	"pubmed:11754521"
<http://purl.obolibrary.org/obo/CHEBI_16236>	"pubmed:15285839"
<http://purl.obolibrary.org/obo/CHEBI_16236>	"pubmed:18347649"
<http://purl.obolibrary.org/obo/CHEBI_16236>	"pdb-ccd:EOH"
<http://purl.obolibrary.org/obo/CHEBI_16236>	"pubmed:11826039"
<http://purl.obolibrary.org/obo/CHEBI_16236>	"pubmed:12888778"
<http://purl.obolibrary.org/obo/CHEBI_16236>	"pubmed:16891664"
<http://purl.obolibrary.org/obo/CHEBI_16236>	"drugbank:DB00898"
<http://purl.obolibrary.org/obo/CHEBI_16236>	"pubmed:15239123"
<http://purl.obolibrary.org/obo/CHEBI_16236>	"pubmed:11333032"
<http://purl.obolibrary.org/obo/CHEBI_16236>	"pubmed:16133132"
<http://purl.obolibrary.org/obo/CHEBI_16236>	"umbbd.compound:c0038"
<http://purl.obolibrary.org/obo/CHEBI_16236>	"pubmed:21967628"
<http://purl.obolibrary.org/obo/CHEBI_16236>	"pubmed:19280886"
<http://purl.obolibrary.org/obo/CHEBI_16236>	"pubmed:16737463"
<http://purl.obolibrary.org/obo/CHEBI_16236>	"pubmed:22261437"
<http://purl.obolibrary.org/obo/CHEBI_16236>	"pubmed:18320157"
<http://purl.obolibrary.org/obo/CHEBI_16236>	"pubmed:11200745"
<http://purl.obolibrary.org/obo/CHEBI_16236>	"pubmed:19901811"
<http://purl.obolibrary.org/obo/CHEBI_16236>	"pubmed:18411066"
<http://purl.obolibrary.org/obo/CHEBI_16236>	"pubmed:16934862"
<http://purl.obolibrary.org/obo/CHEBI_16236>	"pubmed:16352430"
<http://purl.obolibrary.org/obo/CHEBI_16236>	"pubmed:12829422"
<http://purl.obolibrary.org/obo/CHEBI_16236>	"pubmed:21600756"
<http://purl.obolibrary.org/obo/CHEBI_16236>	"pubmed:11262320"
<http://purl.obolibrary.org/obo/CHEBI_16236>	"pubmed:18408978"
<http://purl.obolibrary.org/obo/CHEBI_16236>	"ppdb:1373"
<http://purl.obolibrary.org/obo/CHEBI_16236>	"pubmed:11505026"
<http://purl.obolibrary.org/obo/CHEBI_16236>	"pubmed:15749123"
<http://purl.obolibrary.org/obo/CHEBI_16236>	"kegg.compound:C00469"
<http://purl.obolibrary.org/obo/CHEBI_16236>	"pubmed:15019421"
<http://purl.obolibrary.org/obo/CHEBI_16236>	"pubmed:17663926"
<http://purl.obolibrary.org/obo/CHEBI_16236>	"pubmed:22019193"
<http://purl.obolibrary.org/obo/CHEBI_16236>	"gmelin:787"
<http://purl.obolibrary.org/obo/CHEBI_16236>	"pubmed:21881875"
<http://purl.obolibrary.org/obo/CHEBI_16236>	"pubmed:19458312"
<http://purl.obolibrary.org/obo/CHEBI_16236>	"pubmed:11046114"
<http://purl.obolibrary.org/obo/CHEBI_16236>	"wikipedia.en:Ethanol"
<http://purl.obolibrary.org/obo/CHEBI_16236>	"pubmed:16390872"
<http://purl.obolibrary.org/obo/CHEBI_16236>	"kegg.drug:D06542"
<http://purl.obolibrary.org/obo/CHEBI_16236>	"pubmed:11750186"
<http://purl.obolibrary.org/obo/CHEBI_16236>	"pubmed:14674846"
<http://purl.obolibrary.org/obo/CHEBI_16236>	"pubmed:11590970"
<http://purl.obolibrary.org/obo/CHEBI_16236>	"pubmed:22336593"
<http://purl.obolibrary.org/obo/CHEBI_16236>	"pubmed:12824058"
<http://purl.obolibrary.org/obo/CHEBI_16236>	"pubmed:11198720"
<http://purl.obolibrary.org/obo/CHEBI_16236>	"pubmed:22306018"
<http://purl.obolibrary.org/obo/CHEBI_16236>	"pubmed:22222864"
<http://purl.obolibrary.org/obo/CHEBI_16236>	"pubmed:15465973"
<http://purl.obolibrary.org/obo/CHEBI_16236>	"pubmed:11981228"
<http://purl.obolibrary.org/obo/CHEBI_16236>	"kegg.drug:D00068"
<http://purl.obolibrary.org/obo/CHEBI_16236>	"pubmed:11728426"
<http://purl.obolibrary.org/obo/CHEBI_16236>	"pubmed:17687877"
<http://purl.obolibrary.org/obo/CHEBI_16236>	"pubmed:11303910"
<http://purl.obolibrary.org/obo/CHEBI_16236>	"pubmed:12946583"
<http://purl.obolibrary.org/obo/CHEBI_16236>	"pubmed:15900217"
<http://purl.obolibrary.org/obo/CHEBI_16236>	"knapsack:C00019560"
<http://purl.obolibrary.org/obo/CHEBI_16236>	"pubmed:17043811"
<http://purl.obolibrary.org/obo/CHEBI_16236>	"pubmed:18922656"
<http://purl.obolibrary.org/obo/CHEBI_16236>	"drugcentral:1076"
<http://purl.obolibrary.org/obo/CHEBI_16236>	"pubmed:15902919"
<http://purl.obolibrary.org/obo/CHEBI_16236>	"pubmed:18513832"
<http://purl.obolibrary.org/obo/CHEBI_16236>	"pubmed:18249266"
<http://purl.obolibrary.org/obo/CHEBI_16236>	"pubmed:11810019"
<http://purl.obolibrary.org/obo/CHEBI_16236>	"pubmed:11090978"
<http://purl.obolibrary.org/obo/CHEBI_16236>	"pubmed:17190852"
<http://purl.obolibrary.org/obo/CHEBI_16236>	"pubmed:18456322"
<http://purl.obolibrary.org/obo/CHEBI_16236>	"pubmed:21762181"
<http://purl.obolibrary.org/obo/CHEBI_16236>	"pubmed:19359288"
<http://purl.obolibrary.org/obo/CHEBI_16236>	"pubmed:22331491"
<http://purl.obolibrary.org/obo/CHEBI_16236>	"metacyc.compound:ETOH"
<http://purl.obolibrary.org/obo/CHEBI_16236>	"molbase:859"
<http://purl.obolibrary.org/obo/CHEBI_16236>	"pubmed:22286266"
<http://purl.obolibrary.org/obo/CHEBI_16236>	"molbase:858"
<http://purl.obolibrary.org/obo/CHEBI_16236>	"pubmed:18095657"
<http://purl.obolibrary.org/obo/CHEBI_16236>	"pubmed:19384566"
<http://purl.obolibrary.org/obo/CHEBI_33838>	"wikipedia.en:Nucleoside"
<http://purl.obolibrary.org/obo/CHEBI_33838>	"kegg.compound:C00801"
<http://purl.obolibrary.org/obo/CHEBI_16977>	"hmdb:HMDB0000161"
<http://purl.obolibrary.org/obo/CHEBI_16977>	"pubmed:18235971"
<http://purl.obolibrary.org/obo/CHEBI_16977>	"knapsack:C00001332"
<http://purl.obolibrary.org/obo/CHEBI_16977>	"cas:56-41-7"
<http://purl.obolibrary.org/obo/CHEBI_16977>	"pdb-ccd:ALA_LFOH"
<http://purl.obolibrary.org/obo/CHEBI_16977>	"gmelin:49628"
<http://purl.obolibrary.org/obo/CHEBI_16977>	"wikipedia.en:Alanine"
<http://purl.obolibrary.org/obo/CHEBI_16977>	"pubmed:3275662"
<http://purl.obolibrary.org/obo/CHEBI_16977>	"drugbank:DB00160"
<http://purl.obolibrary.org/obo/CHEBI_16977>	"kegg.drug:D00012"
<http://purl.obolibrary.org/obo/CHEBI_16977>	"ymdb:YMDB00154"
<http://purl.obolibrary.org/obo/CHEBI_16977>	"drugcentral:4255"
<http://purl.obolibrary.org/obo/CHEBI_16977>	"pubmed:22735334"
<http://purl.obolibrary.org/obo/CHEBI_16977>	"metacyc.compound:ALPHA-ALANINE"
<http://purl.obolibrary.org/obo/CHEBI_16977>	"reaxys:1720248"
<http://purl.obolibrary.org/obo/CHEBI_16977>	"ecmdb:ECMDB00161"
<http://purl.obolibrary.org/obo/CHEBI_16977>	"kegg.compound:C00041"
<http://purl.obolibrary.org/obo/CHEBI_35883>	"pubmed:21714575"
<http://purl.obolibrary.org/obo/CHEBI_35883>	"pubmed:21699183"
<http://purl.obolibrary.org/obo/CHEBI_35883>	"pubmed:21399776"
<http://purl.obolibrary.org/obo/CHEBI_35883>	"pubmed:21241104"
<http://purl.obolibrary.org/obo/CHEBI_35883>	"pubmed:14629181"
<http://purl.obolibrary.org/obo/CHEBI_35883>	"pubmed:21957974"
<http://purl.obolibrary.org/obo/CHEBI_35883>	"pubmed:21854058"
<http://purl.obolibrary.org/obo/CHEBI_194490>	"metacyc.compound:CPD-9382"
<http://purl.obolibrary.org/obo/CHEBI_78502>	"patent:EP1002121"
<http://purl.obolibrary.org/obo/CHEBI_78502>	"reaxys:1718865"
<http://purl.obolibrary.org/obo/CHEBI_78502>	"patent:WO0173038"
<http://purl.obolibrary.org/obo/CHEBI_78502>	"pubmed:27121961"
<http://purl.obolibrary.org/obo/CHEBI_78502>	"pdb-ccd:2A1"
<http://purl.obolibrary.org/obo/CHEBI_78502>	"patent:WO9907199"
<http://purl.obolibrary.org/obo/CHEBI_78502>	"pubmed:11976110"
<http://purl.obolibrary.org/obo/CHEBI_78502>	"patent:EP2234962"
<http://purl.obolibrary.org/obo/CHEBI_78502>	"pubmed:11945718"
<http://purl.obolibrary.org/obo/CHEBI_78502>	"patent:KR20100098447"
<http://purl.obolibrary.org/obo/CHEBI_78502>	"pubmed:20519496"
<http://purl.obolibrary.org/obo/CHEBI_78502>	"pubmed:34153735"
<http://purl.obolibrary.org/obo/CHEBI_78502>	"patent:US2010240928"
<http://purl.obolibrary.org/obo/CHEBI_78502>	"cas:2749-11-3"
<http://purl.obolibrary.org/obo/CHEBI_78502>	"patent:CA2706463"
<http://purl.obolibrary.org/obo/CHEBI_78502>	"pubmed:21142024"
<http://purl.obolibrary.org/obo/CHEBI_78502>	"metacyc.compound:CPD-9374"
<http://purl.obolibrary.org/obo/CHEBI_78502>	"patent:WO2009080505"
<http://purl.obolibrary.org/obo/CHEBI_68472>	"metacyc.compound:Pyrimidine-Deoxyribonucleosides"
<http://purl.obolibrary.org/obo/CHEBI_2571>	"kegg.compound:C02525"
<http://purl.obolibrary.org/obo/CHEBI_1722>	"kegg.compound:C03836"
<http://purl.obolibrary.org/obo/CHEBI_1722>	"metacyc.compound:3b-hydroxy-D5-steroids"
<http://purl.obolibrary.org/obo/CHEBI_29256>	"kegg.compound:C00145"
<http://purl.obolibrary.org/obo/CHEBI_29256>	"wikipedia.en:Thiol"
<http://purl.obolibrary.org/obo/CHEBI_16750>	"hmdb:HMDB0000133"
<http://purl.obolibrary.org/obo/CHEBI_16750>	"metacyc.compound:GUANOSINE"
<http://purl.obolibrary.org/obo/CHEBI_16750>	"pubmed:2559771"
<http://purl.obolibrary.org/obo/CHEBI_16750>	"pubmed:17060520"
<http://purl.obolibrary.org/obo/CHEBI_16750>	"pubmed:17202332"
<http://purl.obolibrary.org/obo/CHEBI_16750>	"pubmed:21774919"
<http://purl.obolibrary.org/obo/CHEBI_16750>	"gmelin:55323"
<http://purl.obolibrary.org/obo/CHEBI_16750>	"pubmed:18549801"
<http://purl.obolibrary.org/obo/CHEBI_16750>	"pubmed:21435378"
<http://purl.obolibrary.org/obo/CHEBI_16750>	"wikipedia.en:Guanosine"
<http://purl.obolibrary.org/obo/CHEBI_16750>	"pubmed:21671255"
<http://purl.obolibrary.org/obo/CHEBI_16750>	"drugbank:DB02857"
<http://purl.obolibrary.org/obo/CHEBI_16750>	"reaxys:625911"
<http://purl.obolibrary.org/obo/CHEBI_16750>	"pubmed:11434576"
<http://purl.obolibrary.org/obo/CHEBI_16750>	"pubmed:21500353"
<http://purl.obolibrary.org/obo/CHEBI_16750>	"pubmed:15471343"
<http://purl.obolibrary.org/obo/CHEBI_16750>	"pubmed:21515778"
<http://purl.obolibrary.org/obo/CHEBI_16750>	"knapsack:C00019679"
<http://purl.obolibrary.org/obo/CHEBI_16750>	"pdb-ccd:GMP"
<http://purl.obolibrary.org/obo/CHEBI_16750>	"pubmed:15920424"
<http://purl.obolibrary.org/obo/CHEBI_16750>	"kegg.compound:C00387"
<http://purl.obolibrary.org/obo/CHEBI_16750>	"cas:118-00-3"
<http://purl.obolibrary.org/obo/CHEBI_16750>	"ymdb:YMDB00509"
<http://purl.obolibrary.org/obo/CHEBI_16750>	"ecmdb:ECMDB00133"
<http://purl.obolibrary.org/obo/CHEBI_16750>	"pubmed:18191898"
<http://purl.obolibrary.org/obo/CHEBI_16134>	"pubmed:16614889"
<http://purl.obolibrary.org/obo/CHEBI_16134>	"cas:7664-41-7"
<http://purl.obolibrary.org/obo/CHEBI_16134>	"molbase:930"
<http://purl.obolibrary.org/obo/CHEBI_16134>	"wikipedia.en:Ammonia"
<http://purl.obolibrary.org/obo/CHEBI_16134>	"pubmed:22081570"
<http://purl.obolibrary.org/obo/CHEBI_16134>	"pubmed:18670398"
<http://purl.obolibrary.org/obo/CHEBI_16134>	"pubmed:16348008"
<http://purl.obolibrary.org/obo/CHEBI_16134>	"pubmed:17439666"
<http://purl.obolibrary.org/obo/CHEBI_16134>	"pubmed:15092448"
<http://purl.obolibrary.org/obo/CHEBI_16134>	"pubmed:15969015"
<http://purl.obolibrary.org/obo/CHEBI_16134>	"pdb-ccd:NH3"
<http://purl.obolibrary.org/obo/CHEBI_16134>	"pubmed:16664306"
<http://purl.obolibrary.org/obo/CHEBI_16134>	"kegg.drug:D02916"
<http://purl.obolibrary.org/obo/CHEBI_16134>	"pubmed:11540049"
<http://purl.obolibrary.org/obo/CHEBI_16134>	"pubmed:11746427"
<http://purl.obolibrary.org/obo/CHEBI_16134>	"pubmed:16349403"
<http://purl.obolibrary.org/obo/CHEBI_16134>	"drugcentral:4625"
<http://purl.obolibrary.org/obo/CHEBI_16134>	"pubmed:110589"
<http://purl.obolibrary.org/obo/CHEBI_16134>	"knapsack:C00007267"
<http://purl.obolibrary.org/obo/CHEBI_16134>	"pubmed:14663195"
<http://purl.obolibrary.org/obo/CHEBI_16134>	"pubmed:22240068"
<http://purl.obolibrary.org/obo/CHEBI_16134>	"pubmed:11783653"
<http://purl.obolibrary.org/obo/CHEBI_16134>	"pubmed:16008360"
<http://purl.obolibrary.org/obo/CHEBI_16134>	"pubmed:22290316"
<http://purl.obolibrary.org/obo/CHEBI_16134>	"pubmed:17025297"
<http://purl.obolibrary.org/obo/CHEBI_16134>	"pubmed:16050680"
<http://purl.obolibrary.org/obo/CHEBI_16134>	"metacyc.compound:AMMONIA"
<http://purl.obolibrary.org/obo/CHEBI_16134>	"pubmed:22002069"
<http://purl.obolibrary.org/obo/CHEBI_16134>	"reaxys:3587154"
<http://purl.obolibrary.org/obo/CHEBI_16134>	"pubmed:22088435"
<http://purl.obolibrary.org/obo/CHEBI_16134>	"pubmed:22560242"
<http://purl.obolibrary.org/obo/CHEBI_16134>	"pubmed:22443779"
<http://purl.obolibrary.org/obo/CHEBI_16134>	"kegg.compound:C00014"
<http://purl.obolibrary.org/obo/CHEBI_16134>	"pubmed:22100291"
<http://purl.obolibrary.org/obo/CHEBI_16134>	"pubmed:15094021"
<http://purl.obolibrary.org/obo/CHEBI_16134>	"pubmed:17737668"
<http://purl.obolibrary.org/obo/CHEBI_16134>	"pubmed:22130175"
<http://purl.obolibrary.org/obo/CHEBI_16134>	"pubmed:22150211"
<http://purl.obolibrary.org/obo/CHEBI_16134>	"pubmed:16842901"
<http://purl.obolibrary.org/obo/CHEBI_16134>	"hmdb:HMDB0000051"
<http://purl.obolibrary.org/obo/CHEBI_16134>	"pubmed:22342082"
<http://purl.obolibrary.org/obo/CHEBI_16134>	"pubmed:15554424"
<http://purl.obolibrary.org/obo/CHEBI_16134>	"pubmed:13753780"
<http://purl.obolibrary.org/obo/CHEBI_16134>	"pubmed:17569513"
<http://purl.obolibrary.org/obo/CHEBI_16134>	"pubmed:11139349"
<http://purl.obolibrary.org/obo/CHEBI_16134>	"pubmed:22385337"
<http://purl.obolibrary.org/obo/CHEBI_16134>	"gmelin:79"
<http://purl.obolibrary.org/obo/CHEBI_16830>	"pubmed:11991665"
<http://purl.obolibrary.org/obo/CHEBI_16830>	"hmdb:HMDB0000164"
<http://purl.obolibrary.org/obo/CHEBI_16830>	"wikipedia.en:Methylamine"
<http://purl.obolibrary.org/obo/CHEBI_16830>	"kegg.compound:C00218"
<http://purl.obolibrary.org/obo/CHEBI_16830>	"pubmed:18312416"
<http://purl.obolibrary.org/obo/CHEBI_16830>	"metacyc.compound:METHYLAMINE"
<http://purl.obolibrary.org/obo/CHEBI_16830>	"umbbd.compound:c0137"
<http://purl.obolibrary.org/obo/CHEBI_16830>	"cas:74-89-5"
<http://purl.obolibrary.org/obo/CHEBI_16830>	"gmelin:145"
<http://purl.obolibrary.org/obo/CHEBI_16830>	"pdb-ccd:NME"
<http://purl.obolibrary.org/obo/CHEBI_16830>	"pubmed:11580915"
<http://purl.obolibrary.org/obo/CHEBI_16830>	"reaxys:741851"
<http://purl.obolibrary.org/obo/CHEBI_16830>	"drugbank:DB01828"
<http://purl.obolibrary.org/obo/CHEBI_30278>	"cas:7803-51-2"
<http://purl.obolibrary.org/obo/CHEBI_30278>	"hmdb:HMDB0034790"
<http://purl.obolibrary.org/obo/CHEBI_30278>	"pubmed:11841601"
<http://purl.obolibrary.org/obo/CHEBI_30278>	"pubmed:12694741"
<http://purl.obolibrary.org/obo/CHEBI_30278>	"ppdb:1456"
<http://purl.obolibrary.org/obo/CHEBI_30278>	"reaxys:3600171"
<http://purl.obolibrary.org/obo/CHEBI_30278>	"wikipedia.en:Phosphane"
<http://purl.obolibrary.org/obo/CHEBI_30278>	"pesticides:phosphine"
<http://purl.obolibrary.org/obo/CHEBI_30278>	"pubmed:21894233"
<http://purl.obolibrary.org/obo/CHEBI_30278>	"metacyc.compound:CPD-21528"
<http://purl.obolibrary.org/obo/CHEBI_30278>	"foodb.food:FDB013348"
<http://purl.obolibrary.org/obo/CHEBI_30278>	"gmelin:287"
<http://purl.obolibrary.org/obo/CHEBI_15377>	"reaxys:3587155"
<http://purl.obolibrary.org/obo/CHEBI_15377>	"kegg.drug:D00001"
<http://purl.obolibrary.org/obo/CHEBI_15377>	"hmdb:HMDB0002111"
<http://purl.obolibrary.org/obo/CHEBI_15377>	"cas:7732-18-5"
<http://purl.obolibrary.org/obo/CHEBI_15377>	"metacyc.compound:WATER"
<http://purl.obolibrary.org/obo/CHEBI_15377>	"pdb-ccd:HOH"
<http://purl.obolibrary.org/obo/CHEBI_15377>	"gmelin:117"
<http://purl.obolibrary.org/obo/CHEBI_15377>	"molbase:1"
<http://purl.obolibrary.org/obo/CHEBI_15377>	"kegg.compound:C00001"
<http://purl.obolibrary.org/obo/CHEBI_15377>	"wikipedia.en:Water"
<http://purl.obolibrary.org/obo/CHEBI_17790>	"pubmed:14678513"
<http://purl.obolibrary.org/obo/CHEBI_17790>	"pubmed:17451998"
<http://purl.obolibrary.org/obo/CHEBI_17790>	"pdb-ccd:MOH"
<http://purl.obolibrary.org/obo/CHEBI_17790>	"pubmed:16705261"
<http://purl.obolibrary.org/obo/CHEBI_17790>	"wikipedia.en:Methanol"
<http://purl.obolibrary.org/obo/CHEBI_17790>	"pubmed:11430978"
<http://purl.obolibrary.org/obo/CHEBI_17790>	"kegg.compound:C00132"
<http://purl.obolibrary.org/obo/CHEBI_17790>	"pubmed:11684179"
<http://purl.obolibrary.org/obo/CHEBI_17790>	"pubmed:20314698"
<http://purl.obolibrary.org/obo/CHEBI_17790>	"metacyc.compound:METOH"
<http://purl.obolibrary.org/obo/CHEBI_17790>	"pubmed:11489599"
<http://purl.obolibrary.org/obo/CHEBI_17790>	"pubmed:17733096"
<http://purl.obolibrary.org/obo/CHEBI_17790>	"gmelin:449"
<http://purl.obolibrary.org/obo/CHEBI_17790>	"cas:67-56-1"
<http://purl.obolibrary.org/obo/CHEBI_17790>	"kegg.drug:D02309"
<http://purl.obolibrary.org/obo/CHEBI_17790>	"pubmed:14760634"
<http://purl.obolibrary.org/obo/CHEBI_17790>	"hmdb:HMDB0001875"
<http://purl.obolibrary.org/obo/CHEBI_17790>	"pubmed:14012711"
<http://purl.obolibrary.org/obo/CHEBI_17790>	"pubmed:15906011"
<http://purl.obolibrary.org/obo/CHEBI_17790>	"pubmed:11141607"
<http://purl.obolibrary.org/obo/CHEBI_17790>	"reaxys:1098229"
<http://purl.obolibrary.org/obo/CHEBI_17790>	"pubmed:19064074"
<http://purl.obolibrary.org/obo/CHEBI_17790>	"pubmed:15172721"
<http://purl.obolibrary.org/obo/CHEBI_17790>	"umbbd.compound:c0132"
<http://purl.obolibrary.org/obo/CHEBI_17790>	"pubmed:19850112"
<http://purl.obolibrary.org/obo/CHEBI_17790>	"pubmed:11680737"
<http://purl.obolibrary.org/obo/CHEBI_143408>	"reaxys:741855"
<http://purl.obolibrary.org/obo/CHEBI_143408>	"pubmed:18641449"
<http://purl.obolibrary.org/obo/CHEBI_143408>	"pubmed:31421187"
<http://purl.obolibrary.org/obo/CHEBI_143408>	"pubmed:28796947"
<http://purl.obolibrary.org/obo/CHEBI_143408>	"hmdb:HMDB0140038"
<http://purl.obolibrary.org/obo/CHEBI_143408>	"pdb-ccd:0D8"
<http://purl.obolibrary.org/obo/CHEBI_143408>	"foodb.food:FDB006242"
<http://purl.obolibrary.org/obo/CHEBI_143408>	"cas:156-87-6"
<http://purl.obolibrary.org/obo/CHEBI_143408>	"pubmed:24001040"
<http://purl.obolibrary.org/obo/CHEBI_143408>	"pubmed:20223073"
<http://purl.obolibrary.org/obo/CHEBI_143408>	"pubmed:10845535"
<http://purl.obolibrary.org/obo/CHEBI_16007>	"kegg.compound:C00409"
<http://purl.obolibrary.org/obo/CHEBI_16007>	"pdb-ccd:MEE"
<http://purl.obolibrary.org/obo/CHEBI_16007>	"knapsack:C00001258"
<http://purl.obolibrary.org/obo/CHEBI_16007>	"cas:74-93-1"
<http://purl.obolibrary.org/obo/CHEBI_16007>	"umbbd.compound:c0238"
